-8,-4,1fnYit9xXv59NXa0dc4fjJ6eTos=,iFhNhr/w+nB3wn/r6mDNxhJ88Ls=
-10,-6,1fnYit9xXv59NXa0dc4fjJ6eTos=,A3PehYg6qE3zAkrNchPkCiKRFhc=
-7,-3,1fnYit9xXv59NXa0dc4fjJ6eTos=,iFhNhr/w+nB3wn/r6mDNxhJ88Ls=
-10,-5,1fnYit9xXv59NXa0dc4fjJ6eTos=,A3PehYg6qE3zAkrNchPkCiKRFhc=
-8,-3,1fnYit9xXv59NXa0dc4fjJ6eTos=,iFhNhr/w+nB3wn/r6mDNxhJ88Ls=
-7,-5,1fnYit9xXv59NXa0dc4fjJ6eTos=,tU6sG+F5ubuMvk7vSz00kJYHPZQ=
-9,-6,1fnYit9xXv59NXa0dc4fjJ6eTos=,A3PehYg6qE3zAkrNchPkCiKRFhc=
-9,-5,1fnYit9xXv59NXa0dc4fjJ6eTos=,A3PehYg6qE3zAkrNchPkCiKRFhc=
-8,-5,1fnYit9xXv59NXa0dc4fjJ6eTos=,tU6sG+F5ubuMvk7vSz00kJYHPZQ=
-7,-4,1fnYit9xXv59NXa0dc4fjJ6eTos=,iFhNhr/w+nB3wn/r6mDNxhJ88Ls=
-8,-6,1fnYit9xXv59NXa0dc4fjJ6eTos=,tU6sG+F5ubuMvk7vSz00kJYHPZQ=
-9,-3,1fnYit9xXv59NXa0dc4fjJ6eTos=,utGQTRVfzG6teuht0vGsLNj0OeI=
-7,-6,1fnYit9xXv59NXa0dc4fjJ6eTos=,tU6sG+F5ubuMvk7vSz00kJYHPZQ=
-9,-4,1fnYit9xXv59NXa0dc4fjJ6eTos=,utGQTRVfzG6teuht0vGsLNj0OeI=
-10,-4,1fnYit9xXv59NXa0dc4fjJ6eTos=,utGQTRVfzG6teuht0vGsLNj0OeI=
-10,-3,1fnYit9xXv59NXa0dc4fjJ6eTos=,utGQTRVfzG6teuht0vGsLNj0OeI=
-15,-11,1fnYit9xXv59NXa0dc4fjJ6eTos=,anG3P+x72yhzK1BtHfqJj7thOKY=
-14,-12,1fnYit9xXv59NXa0dc4fjJ6eTos=,anG3P+x72yhzK1BtHfqJj7thOKY=
-14,-10,1fnYit9xXv59NXa0dc4fjJ6eTos=,anG3P+x72yhzK1BtHfqJj7thOKY=
-15,-10,1fnYit9xXv59NXa0dc4fjJ6eTos=,anG3P+x72yhzK1BtHfqJj7thOKY=
-14,-11,1fnYit9xXv59NXa0dc4fjJ6eTos=,anG3P+x72yhzK1BtHfqJj7thOKY=
-15,-12,1fnYit9xXv59NXa0dc4fjJ6eTos=,anG3P+x72yhzK1BtHfqJj7thOKY=
-14,-9,1fnYit9xXv59NXa0dc4fjJ6eTos=,anG3P+x72yhzK1BtHfqJj7thOKY=
-15,-9,1fnYit9xXv59NXa0dc4fjJ6eTos=,anG3P+x72yhzK1BtHfqJj7thOKY=
-14,-5,1fnYit9xXv59NXa0dc4fjJ6eTos=,XksBhEjoaIRRZRgYn37CBXwYiKo=
-14,-3,1fnYit9xXv59NXa0dc4fjJ6eTos=,poHuFyaYR0b7fG6vt5j/l5Vg3O8=
-13,-3,TmZ4L8JuIsw6LEE1Ch/ATvIE4sc=,poHuFyaYR0b7fG6vt5j/l5Vg3O8=
-15,-5,TmZ4L8JuIsw6LEE1Ch/ATvIE4sc=,XksBhEjoaIRRZRgYn37CBXwYiKo=
-12,-3,TmZ4L8JuIsw6LEE1Ch/ATvIE4sc=,utGQTRVfzG6teuht0vGsLNj0OeI=
-11,-6,TmZ4L8JuIsw6LEE1Ch/ATvIE4sc=,A3PehYg6qE3zAkrNchPkCiKRFhc=
-11,-5,TmZ4L8JuIsw6LEE1Ch/ATvIE4sc=,A3PehYg6qE3zAkrNchPkCiKRFhc=
-14,-4,TmZ4L8JuIsw6LEE1Ch/ATvIE4sc=,poHuFyaYR0b7fG6vt5j/l5Vg3O8=
-13,-6,TmZ4L8JuIsw6LEE1Ch/ATvIE4sc=,XksBhEjoaIRRZRgYn37CBXwYiKo=
-11,-4,TmZ4L8JuIsw6LEE1Ch/ATvIE4sc=,utGQTRVfzG6teuht0vGsLNj0OeI=
-13,-4,TmZ4L8JuIsw6LEE1Ch/ATvIE4sc=,poHuFyaYR0b7fG6vt5j/l5Vg3O8=
-14,-6,TmZ4L8JuIsw6LEE1Ch/ATvIE4sc=,XksBhEjoaIRRZRgYn37CBXwYiKo=
-12,-5,TmZ4L8JuIsw6LEE1Ch/ATvIE4sc=,A3PehYg6qE3zAkrNchPkCiKRFhc=
-15,-8,TmZ4L8JuIsw6LEE1Ch/ATvIE4sc=,XksBhEjoaIRRZRgYn37CBXwYiKo=
-15,-4,TmZ4L8JuIsw6LEE1Ch/ATvIE4sc=,poHuFyaYR0b7fG6vt5j/l5Vg3O8=
-12,-4,TmZ4L8JuIsw6LEE1Ch/ATvIE4sc=,utGQTRVfzG6teuht0vGsLNj0OeI=
-13,-5,TmZ4L8JuIsw6LEE1Ch/ATvIE4sc=,XksBhEjoaIRRZRgYn37CBXwYiKo=
-11,-3,TmZ4L8JuIsw6LEE1Ch/ATvIE4sc=,utGQTRVfzG6teuht0vGsLNj0OeI=
-12,-6,TmZ4L8JuIsw6LEE1Ch/ATvIE4sc=,A3PehYg6qE3zAkrNchPkCiKRFhc=
-13,-9,dqL8P7ce7wRB70oFG+UQyb+mGUo=,anG3P+x72yhzK1BtHfqJj7thOKY=
-14,-8,dqL8P7ce7wRB70oFG+UQyb+mGUo=,XksBhEjoaIRRZRgYn37CBXwYiKo=
-10,-7,dqL8P7ce7wRB70oFG+UQyb+mGUo=,A3PehYg6qE3zAkrNchPkCiKRFhc=
-12,-7,dqL8P7ce7wRB70oFG+UQyb+mGUo=,A3PehYg6qE3zAkrNchPkCiKRFhc=
-7,-8,dqL8P7ce7wRB70oFG+UQyb+mGUo=,tU6sG+F5ubuMvk7vSz00kJYHPZQ=
-11,-7,dqL8P7ce7wRB70oFG+UQyb+mGUo=,A3PehYg6qE3zAkrNchPkCiKRFhc=
-14,-7,dqL8P7ce7wRB70oFG+UQyb+mGUo=,XksBhEjoaIRRZRgYn37CBXwYiKo=
-13,-7,dqL8P7ce7wRB70oFG+UQyb+mGUo=,XksBhEjoaIRRZRgYn37CBXwYiKo=
-8,-10,dqL8P7ce7wRB70oFG+UQyb+mGUo=,dhJ9CHxzv7Qv9N4P7oKGxZWI1eU=
-9,-7,dqL8P7ce7wRB70oFG+UQyb+mGUo=,A3PehYg6qE3zAkrNchPkCiKRFhc=
-13,-10,dqL8P7ce7wRB70oFG+UQyb+mGUo=,anG3P+x72yhzK1BtHfqJj7thOKY=
-7,-9,dqL8P7ce7wRB70oFG+UQyb+mGUo=,dhJ9CHxzv7Qv9N4P7oKGxZWI1eU=
-7,-10,dqL8P7ce7wRB70oFG+UQyb+mGUo=,dhJ9CHxzv7Qv9N4P7oKGxZWI1eU=
-9,-8,dqL8P7ce7wRB70oFG+UQyb+mGUo=,A3PehYg6qE3zAkrNchPkCiKRFhc=
-8,-9,dqL8P7ce7wRB70oFG+UQyb+mGUo=,dhJ9CHxzv7Qv9N4P7oKGxZWI1eU=
-10,-8,dqL8P7ce7wRB70oFG+UQyb+mGUo=,A3PehYg6qE3zAkrNchPkCiKRFhc=
-7,-7,dqL8P7ce7wRB70oFG+UQyb+mGUo=,tU6sG+F5ubuMvk7vSz00kJYHPZQ=
-10,-9,dqL8P7ce7wRB70oFG+UQyb+mGUo=,UkktXG+VRKdxTYycGBvSXmkUOn0=
-9,-9,dqL8P7ce7wRB70oFG+UQyb+mGUo=,UkktXG+VRKdxTYycGBvSXmkUOn0=
-11,-9,dqL8P7ce7wRB70oFG+UQyb+mGUo=,UkktXG+VRKdxTYycGBvSXmkUOn0=
-8,-7,dqL8P7ce7wRB70oFG+UQyb+mGUo=,tU6sG+F5ubuMvk7vSz00kJYHPZQ=
-12,-9,dqL8P7ce7wRB70oFG+UQyb+mGUo=,UkktXG+VRKdxTYycGBvSXmkUOn0=
-9,-10,dqL8P7ce7wRB70oFG+UQyb+mGUo=,UkktXG+VRKdxTYycGBvSXmkUOn0=
-11,-10,dqL8P7ce7wRB70oFG+UQyb+mGUo=,UkktXG+VRKdxTYycGBvSXmkUOn0=
-12,-10,AjUSoDZ2d9pvMHaiKcJn+qLsPWE=,UkktXG+VRKdxTYycGBvSXmkUOn0=
-10,-10,AjUSoDZ2d9pvMHaiKcJn+qLsPWE=,UkktXG+VRKdxTYycGBvSXmkUOn0=
-13,-8,AjUSoDZ2d9pvMHaiKcJn+qLsPWE=,XksBhEjoaIRRZRgYn37CBXwYiKo=
-12,-8,AjUSoDZ2d9pvMHaiKcJn+qLsPWE=,A3PehYg6qE3zAkrNchPkCiKRFhc=
-11,-8,AjUSoDZ2d9pvMHaiKcJn+qLsPWE=,A3PehYg6qE3zAkrNchPkCiKRFhc=
-8,-8,AjUSoDZ2d9pvMHaiKcJn+qLsPWE=,tU6sG+F5ubuMvk7vSz00kJYHPZQ=
-5,-10,AjUSoDZ2d9pvMHaiKcJn+qLsPWE=,dhJ9CHxzv7Qv9N4P7oKGxZWI1eU=
-4,-9,AjUSoDZ2d9pvMHaiKcJn+qLsPWE=,e8zorksANxAAPcPCWzqr0567qDs=
-3,-10,AjUSoDZ2d9pvMHaiKcJn+qLsPWE=,e8zorksANxAAPcPCWzqr0567qDs=
-4,-10,AjUSoDZ2d9pvMHaiKcJn+qLsPWE=,e8zorksANxAAPcPCWzqr0567qDs=
-5,-9,AjUSoDZ2d9pvMHaiKcJn+qLsPWE=,dhJ9CHxzv7Qv9N4P7oKGxZWI1eU=
-6,-9,AjUSoDZ2d9pvMHaiKcJn+qLsPWE=,dhJ9CHxzv7Qv9N4P7oKGxZWI1eU=
-3,-9,AjUSoDZ2d9pvMHaiKcJn+qLsPWE=,e8zorksANxAAPcPCWzqr0567qDs=
-6,-10,AjUSoDZ2d9pvMHaiKcJn+qLsPWE=,dhJ9CHxzv7Qv9N4P7oKGxZWI1eU=
-4,-8,AjUSoDZ2d9pvMHaiKcJn+qLsPWE=,asnn6LLe7HFi1FeBISuVSRTSgm4=
-3,-8,AjUSoDZ2d9pvMHaiKcJn+qLsPWE=,asnn6LLe7HFi1FeBISuVSRTSgm4=
-6,-7,AjUSoDZ2d9pvMHaiKcJn+qLsPWE=,tU6sG+F5ubuMvk7vSz00kJYHPZQ=
-6,-8,AjUSoDZ2d9pvMHaiKcJn+qLsPWE=,tU6sG+F5ubuMvk7vSz00kJYHPZQ=
-5,-8,AjUSoDZ2d9pvMHaiKcJn+qLsPWE=,tU6sG+F5ubuMvk7vSz00kJYHPZQ=
-4,-7,AjUSoDZ2d9pvMHaiKcJn+qLsPWE=,asnn6LLe7HFi1FeBISuVSRTSgm4=
-3,-7,AjUSoDZ2d9pvMHaiKcJn+qLsPWE=,asnn6LLe7HFi1FeBISuVSRTSgm4=
-5,-7,AjUSoDZ2d9pvMHaiKcJn+qLsPWE=,tU6sG+F5ubuMvk7vSz00kJYHPZQ=
-5,-5,AjUSoDZ2d9pvMHaiKcJn+qLsPWE=,tU6sG+F5ubuMvk7vSz00kJYHPZQ=
-1,-8,AjUSoDZ2d9pvMHaiKcJn+qLsPWE=,asnn6LLe7HFi1FeBISuVSRTSgm4=
-2,-10,AjUSoDZ2d9pvMHaiKcJn+qLsPWE=,e8zorksANxAAPcPCWzqr0567qDs=
-2,-9,uCBlz2o+ZoXq3fDvPfv8bO7VyUQ=,e8zorksANxAAPcPCWzqr0567qDs=
-1,-10,uCBlz2o+ZoXq3fDvPfv8bO7VyUQ=,e8zorksANxAAPcPCWzqr0567qDs=
-2,-7,uCBlz2o+ZoXq3fDvPfv8bO7VyUQ=,asnn6LLe7HFi1FeBISuVSRTSgm4=
-5,-6,uCBlz2o+ZoXq3fDvPfv8bO7VyUQ=,tU6sG+F5ubuMvk7vSz00kJYHPZQ=
-6,-5,uCBlz2o+ZoXq3fDvPfv8bO7VyUQ=,tU6sG+F5ubuMvk7vSz00kJYHPZQ=
-1,-7,uCBlz2o+ZoXq3fDvPfv8bO7VyUQ=,asnn6LLe7HFi1FeBISuVSRTSgm4=
-2,-8,uCBlz2o+ZoXq3fDvPfv8bO7VyUQ=,asnn6LLe7HFi1FeBISuVSRTSgm4=
-1,-9,uCBlz2o+ZoXq3fDvPfv8bO7VyUQ=,e8zorksANxAAPcPCWzqr0567qDs=
-4,-5,uCBlz2o+ZoXq3fDvPfv8bO7VyUQ=,asnn6LLe7HFi1FeBISuVSRTSgm4=
-6,-6,uCBlz2o+ZoXq3fDvPfv8bO7VyUQ=,tU6sG+F5ubuMvk7vSz00kJYHPZQ=
-3,-2,uCBlz2o+ZoXq3fDvPfv8bO7VyUQ=,Ctyw2oqjUMRz2J1IrsBzDR1YGcE=
-3,-6,uCBlz2o+ZoXq3fDvPfv8bO7VyUQ=,asnn6LLe7HFi1FeBISuVSRTSgm4=
-3,-4,uCBlz2o+ZoXq3fDvPfv8bO7VyUQ=,Ctyw2oqjUMRz2J1IrsBzDR1YGcE=
-5,-3,uCBlz2o+ZoXq3fDvPfv8bO7VyUQ=,iFhNhr/w+nB3wn/r6mDNxhJ88Ls=
-3,-5,uCBlz2o+ZoXq3fDvPfv8bO7VyUQ=,asnn6LLe7HFi1FeBISuVSRTSgm4=
-5,-4,uCBlz2o+ZoXq3fDvPfv8bO7VyUQ=,iFhNhr/w+nB3wn/r6mDNxhJ88Ls=
-4,-6,uCBlz2o+ZoXq3fDvPfv8bO7VyUQ=,asnn6LLe7HFi1FeBISuVSRTSgm4=
-4,-1,uCBlz2o+ZoXq3fDvPfv8bO7VyUQ=,Ctyw2oqjUMRz2J1IrsBzDR1YGcE=
-6,-2,uCBlz2o+ZoXq3fDvPfv8bO7VyUQ=,iFhNhr/w+nB3wn/r6mDNxhJ88Ls=
-3,-1,uCBlz2o+ZoXq3fDvPfv8bO7VyUQ=,Ctyw2oqjUMRz2J1IrsBzDR1YGcE=
-6,-3,uCBlz2o+ZoXq3fDvPfv8bO7VyUQ=,iFhNhr/w+nB3wn/r6mDNxhJ88Ls=
-6,-1,uCBlz2o+ZoXq3fDvPfv8bO7VyUQ=,iFhNhr/w+nB3wn/r6mDNxhJ88Ls=
-5,-1,uCBlz2o+ZoXq3fDvPfv8bO7VyUQ=,iFhNhr/w+nB3wn/r6mDNxhJ88Ls=
-6,-4,uCBlz2o+ZoXq3fDvPfv8bO7VyUQ=,iFhNhr/w+nB3wn/r6mDNxhJ88Ls=
-4,-4,uCBlz2o+ZoXq3fDvPfv8bO7VyUQ=,Ctyw2oqjUMRz2J1IrsBzDR1YGcE=
-4,-3,uCBlz2o+ZoXq3fDvPfv8bO7VyUQ=,Ctyw2oqjUMRz2J1IrsBzDR1YGcE=
-4,-2,uCBlz2o+ZoXq3fDvPfv8bO7VyUQ=,Ctyw2oqjUMRz2J1IrsBzDR1YGcE=
-5,-2,uCBlz2o+ZoXq3fDvPfv8bO7VyUQ=,iFhNhr/w+nB3wn/r6mDNxhJ88Ls=
-3,-3,uCBlz2o+ZoXq3fDvPfv8bO7VyUQ=,Ctyw2oqjUMRz2J1IrsBzDR1YGcE=
-1,-2,uCBlz2o+ZoXq3fDvPfv8bO7VyUQ=,Ctyw2oqjUMRz2J1IrsBzDR1YGcE=
-2,-2,uCBlz2o+ZoXq3fDvPfv8bO7VyUQ=,Ctyw2oqjUMRz2J1IrsBzDR1YGcE=
-2,-6,uCBlz2o+ZoXq3fDvPfv8bO7VyUQ=,asnn6LLe7HFi1FeBISuVSRTSgm4=
-1,-6,uCBlz2o+ZoXq3fDvPfv8bO7VyUQ=,asnn6LLe7HFi1FeBISuVSRTSgm4=
-1,-5,uCBlz2o+ZoXq3fDvPfv8bO7VyUQ=,asnn6LLe7HFi1FeBISuVSRTSgm4=
-2,-5,uCBlz2o+ZoXq3fDvPfv8bO7VyUQ=,asnn6LLe7HFi1FeBISuVSRTSgm4=
-2,-1,uCBlz2o+ZoXq3fDvPfv8bO7VyUQ=,Ctyw2oqjUMRz2J1IrsBzDR1YGcE=
-1,-1,uCBlz2o+ZoXq3fDvPfv8bO7VyUQ=,Ctyw2oqjUMRz2J1IrsBzDR1YGcE=
-2,-4,uCBlz2o+ZoXq3fDvPfv8bO7VyUQ=,Ctyw2oqjUMRz2J1IrsBzDR1YGcE=
-1,-3,uCBlz2o+ZoXq3fDvPfv8bO7VyUQ=,Ctyw2oqjUMRz2J1IrsBzDR1YGcE=
-2,-3,uCBlz2o+ZoXq3fDvPfv8bO7VyUQ=,Ctyw2oqjUMRz2J1IrsBzDR1YGcE=
-1,-4,uCBlz2o+ZoXq3fDvPfv8bO7VyUQ=,Ctyw2oqjUMRz2J1IrsBzDR1YGcE=
-16,-11,uCBlz2o+ZoXq3fDvPfv8bO7VyUQ=,anG3P+x72yhzK1BtHfqJj7thOKY=
-16,-10,uCBlz2o+ZoXq3fDvPfv8bO7VyUQ=,anG3P+x72yhzK1BtHfqJj7thOKY=
-16,-12,uCBlz2o+ZoXq3fDvPfv8bO7VyUQ=,anG3P+x72yhzK1BtHfqJj7thOKY=
-16,-9,uCBlz2o+ZoXq3fDvPfv8bO7VyUQ=,anG3P+x72yhzK1BtHfqJj7thOKY=
-16,-4,uCBlz2o+ZoXq3fDvPfv8bO7VyUQ=,poHuFyaYR0b7fG6vt5j/l5Vg3O8=
-16,-3,uCBlz2o+ZoXq3fDvPfv8bO7VyUQ=,poHuFyaYR0b7fG6vt5j/l5Vg3O8=
-16,-5,uCBlz2o+ZoXq3fDvPfv8bO7VyUQ=,XksBhEjoaIRRZRgYn37CBXwYiKo=
-16,-8,uCBlz2o+ZoXq3fDvPfv8bO7VyUQ=,XksBhEjoaIRRZRgYn37CBXwYiKo=
-15,-3,uCBlz2o+ZoXq3fDvPfv8bO7VyUQ=,poHuFyaYR0b7fG6vt5j/l5Vg3O8=
-16,-6,uCBlz2o+ZoXq3fDvPfv8bO7VyUQ=,XksBhEjoaIRRZRgYn37CBXwYiKo=
-15,-7,pJ4/LSddkOJpyA3YJFV4S7Lnc8I=,XksBhEjoaIRRZRgYn37CBXwYiKo=
-16,-7,pJ4/LSddkOJpyA3YJFV4S7Lnc8I=,XksBhEjoaIRRZRgYn37CBXwYiKo=
-15,-6,pJ4/LSddkOJpyA3YJFV4S7Lnc8I=,XksBhEjoaIRRZRgYn37CBXwYiKo=
-16,-2,pJ4/LSddkOJpyA3YJFV4S7Lnc8I=,poHuFyaYR0b7fG6vt5j/l5Vg3O8=
-15,-1,pJ4/LSddkOJpyA3YJFV4S7Lnc8I=,poHuFyaYR0b7fG6vt5j/l5Vg3O8=
-15,-2,pJ4/LSddkOJpyA3YJFV4S7Lnc8I=,poHuFyaYR0b7fG6vt5j/l5Vg3O8=
-16,-1,pJ4/LSddkOJpyA3YJFV4S7Lnc8I=,poHuFyaYR0b7fG6vt5j/l5Vg3O8=
-14,-1,pJ4/LSddkOJpyA3YJFV4S7Lnc8I=,poHuFyaYR0b7fG6vt5j/l5Vg3O8=
-14,-2,pJ4/LSddkOJpyA3YJFV4S7Lnc8I=,poHuFyaYR0b7fG6vt5j/l5Vg3O8=
-13,-1,pJ4/LSddkOJpyA3YJFV4S7Lnc8I=,poHuFyaYR0b7fG6vt5j/l5Vg3O8=
-13,-2,pJ4/LSddkOJpyA3YJFV4S7Lnc8I=,poHuFyaYR0b7fG6vt5j/l5Vg3O8=
-12,-2,pJ4/LSddkOJpyA3YJFV4S7Lnc8I=,utGQTRVfzG6teuht0vGsLNj0OeI=
-9,-1,pJ4/LSddkOJpyA3YJFV4S7Lnc8I=,utGQTRVfzG6teuht0vGsLNj0OeI=
-12,-1,pJ4/LSddkOJpyA3YJFV4S7Lnc8I=,utGQTRVfzG6teuht0vGsLNj0OeI=
-10,-1,pJ4/LSddkOJpyA3YJFV4S7Lnc8I=,utGQTRVfzG6teuht0vGsLNj0OeI=
-8,-1,pJ4/LSddkOJpyA3YJFV4S7Lnc8I=,iFhNhr/w+nB3wn/r6mDNxhJ88Ls=
-9,-2,pJ4/LSddkOJpyA3YJFV4S7Lnc8I=,utGQTRVfzG6teuht0vGsLNj0OeI=
-11,-1,pJ4/LSddkOJpyA3YJFV4S7Lnc8I=,utGQTRVfzG6teuht0vGsLNj0OeI=
-7,-1,pJ4/LSddkOJpyA3YJFV4S7Lnc8I=,iFhNhr/w+nB3wn/r6mDNxhJ88Ls=
-7,-2,pJ4/LSddkOJpyA3YJFV4S7Lnc8I=,iFhNhr/w+nB3wn/r6mDNxhJ88Ls=
-10,-2,pJ4/LSddkOJpyA3YJFV4S7Lnc8I=,utGQTRVfzG6teuht0vGsLNj0OeI=
-11,-2,pJ4/LSddkOJpyA3YJFV4S7Lnc8I=,utGQTRVfzG6teuht0vGsLNj0OeI=
-8,-2,pJ4/LSddkOJpyA3YJFV4S7Lnc8I=,iFhNhr/w+nB3wn/r6mDNxhJ88Ls=
-1,-12,pJ4/LSddkOJpyA3YJFV4S7Lnc8I=,e8zorksANxAAPcPCWzqr0567qDs=
-2,-12,pJ4/LSddkOJpyA3YJFV4S7Lnc8I=,e8zorksANxAAPcPCWzqr0567qDs=
-1,-11,pJ4/LSddkOJpyA3YJFV4S7Lnc8I=,e8zorksANxAAPcPCWzqr0567qDs=
-2,-11,pJ4/LSddkOJpyA3YJFV4S7Lnc8I=,e8zorksANxAAPcPCWzqr0567qDs=
-13,-12,pJ4/LSddkOJpyA3YJFV4S7Lnc8I=,anG3P+x72yhzK1BtHfqJj7thOKY=
-13,-11,pJ4/LSddkOJpyA3YJFV4S7Lnc8I=,anG3P+x72yhzK1BtHfqJj7thOKY=
-11,-12,pJ4/LSddkOJpyA3YJFV4S7Lnc8I=,UkktXG+VRKdxTYycGBvSXmkUOn0=
-12,-12,pJ4/LSddkOJpyA3YJFV4S7Lnc8I=,UkktXG+VRKdxTYycGBvSXmkUOn0=
-12,-11,pJ4/LSddkOJpyA3YJFV4S7Lnc8I=,UkktXG+VRKdxTYycGBvSXmkUOn0=
-11,-11,pJ4/LSddkOJpyA3YJFV4S7Lnc8I=,UkktXG+VRKdxTYycGBvSXmkUOn0=
-9,-11,InXWJmxgggGbqPYvN1xeHLv4pqY=,UkktXG+VRKdxTYycGBvSXmkUOn0=
-9,-12,InXWJmxgggGbqPYvN1xeHLv4pqY=,UkktXG+VRKdxTYycGBvSXmkUOn0=
-4,-11,InXWJmxgggGbqPYvN1xeHLv4pqY=,e8zorksANxAAPcPCWzqr0567qDs=
-10,-12,InXWJmxgggGbqPYvN1xeHLv4pqY=,UkktXG+VRKdxTYycGBvSXmkUOn0=
-7,-12,InXWJmxgggGbqPYvN1xeHLv4pqY=,dhJ9CHxzv7Qv9N4P7oKGxZWI1eU=
-6,-12,InXWJmxgggGbqPYvN1xeHLv4pqY=,dhJ9CHxzv7Qv9N4P7oKGxZWI1eU=
-8,-12,InXWJmxgggGbqPYvN1xeHLv4pqY=,dhJ9CHxzv7Qv9N4P7oKGxZWI1eU=
-6,-11,InXWJmxgggGbqPYvN1xeHLv4pqY=,dhJ9CHxzv7Qv9N4P7oKGxZWI1eU=
-8,-11,InXWJmxgggGbqPYvN1xeHLv4pqY=,dhJ9CHxzv7Qv9N4P7oKGxZWI1eU=
-10,-11,InXWJmxgggGbqPYvN1xeHLv4pqY=,UkktXG+VRKdxTYycGBvSXmkUOn0=
-4,-12,InXWJmxgggGbqPYvN1xeHLv4pqY=,e8zorksANxAAPcPCWzqr0567qDs=
-3,-11,InXWJmxgggGbqPYvN1xeHLv4pqY=,e8zorksANxAAPcPCWzqr0567qDs=
-5,-12,InXWJmxgggGbqPYvN1xeHLv4pqY=,dhJ9CHxzv7Qv9N4P7oKGxZWI1eU=
-3,-12,InXWJmxgggGbqPYvN1xeHLv4pqY=,e8zorksANxAAPcPCWzqr0567qDs=
-5,-11,InXWJmxgggGbqPYvN1xeHLv4pqY=,dhJ9CHxzv7Qv9N4P7oKGxZWI1eU=
-7,-11,InXWJmxgggGbqPYvN1xeHLv4pqY=,dhJ9CHxzv7Qv9N4P7oKGxZWI1eU=
-23,-11,6w5l1KhzKQ1iHy0SbLKKNtTKGh0=,UV3qZ4KUrxfoeuH21MAatY5q0I0=
-23,-10,6w5l1KhzKQ1iHy0SbLKKNtTKGh0=,UV3qZ4KUrxfoeuH21MAatY5q0I0=
-22,-11,6w5l1KhzKQ1iHy0SbLKKNtTKGh0=,UV3qZ4KUrxfoeuH21MAatY5q0I0=
-22,-12,6w5l1KhzKQ1iHy0SbLKKNtTKGh0=,UV3qZ4KUrxfoeuH21MAatY5q0I0=
-26,-6,6w5l1KhzKQ1iHy0SbLKKNtTKGh0=,42U7JxO6UuJHqFKitpKFckaOp3Y=
-27,-4,6w5l1KhzKQ1iHy0SbLKKNtTKGh0=,NK9nOoCBUsA57wDWKOovFEkZiy4=
-26,-2,6w5l1KhzKQ1iHy0SbLKKNtTKGh0=,NK9nOoCBUsA57wDWKOovFEkZiy4=
-27,-2,6w5l1KhzKQ1iHy0SbLKKNtTKGh0=,NK9nOoCBUsA57wDWKOovFEkZiy4=
-26,-3,6w5l1KhzKQ1iHy0SbLKKNtTKGh0=,NK9nOoCBUsA57wDWKOovFEkZiy4=
-27,-3,6w5l1KhzKQ1iHy0SbLKKNtTKGh0=,NK9nOoCBUsA57wDWKOovFEkZiy4=
-26,-11,6w5l1KhzKQ1iHy0SbLKKNtTKGh0=,3k/7ChsP9whB+9BSXN5td1CHQXE=
-26,-12,6w5l1KhzKQ1iHy0SbLKKNtTKGh0=,3k/7ChsP9whB+9BSXN5td1CHQXE=
-26,-10,6w5l1KhzKQ1iHy0SbLKKNtTKGh0=,3k/7ChsP9whB+9BSXN5td1CHQXE=
-27,-12,6w5l1KhzKQ1iHy0SbLKKNtTKGh0=,3k/7ChsP9whB+9BSXN5td1CHQXE=
-23,-9,7qaqLYBwjeyv5nSueL8Si4W87p0=,UV3qZ4KUrxfoeuH21MAatY5q0I0=
-22,-6,7qaqLYBwjeyv5nSueL8Si4W87p0=,0lHvynt5o/ktxRiKkqLzT3eJ5y4=
-26,-7,7qaqLYBwjeyv5nSueL8Si4W87p0=,42U7JxO6UuJHqFKitpKFckaOp3Y=
-25,-9,7qaqLYBwjeyv5nSueL8Si4W87p0=,3k/7ChsP9whB+9BSXN5td1CHQXE=
-24,-7,7qaqLYBwjeyv5nSueL8Si4W87p0=,0lHvynt5o/ktxRiKkqLzT3eJ5y4=
-26,-8,7qaqLYBwjeyv5nSueL8Si4W87p0=,42U7JxO6UuJHqFKitpKFckaOp3Y=
-23,-7,7qaqLYBwjeyv5nSueL8Si4W87p0=,0lHvynt5o/ktxRiKkqLzT3eJ5y4=
-25,-7,7qaqLYBwjeyv5nSueL8Si4W87p0=,42U7JxO6UuJHqFKitpKFckaOp3Y=
-24,-8,7qaqLYBwjeyv5nSueL8Si4W87p0=,0lHvynt5o/ktxRiKkqLzT3eJ5y4=
-24,-9,7qaqLYBwjeyv5nSueL8Si4W87p0=,UV3qZ4KUrxfoeuH21MAatY5q0I0=
-24,-10,7qaqLYBwjeyv5nSueL8Si4W87p0=,UV3qZ4KUrxfoeuH21MAatY5q0I0=
-26,-9,7qaqLYBwjeyv5nSueL8Si4W87p0=,3k/7ChsP9whB+9BSXN5td1CHQXE=
-23,-8,7qaqLYBwjeyv5nSueL8Si4W87p0=,0lHvynt5o/ktxRiKkqLzT3eJ5y4=
-25,-10,7qaqLYBwjeyv5nSueL8Si4W87p0=,3k/7ChsP9whB+9BSXN5td1CHQXE=
-25,-8,7qaqLYBwjeyv5nSueL8Si4W87p0=,42U7JxO6UuJHqFKitpKFckaOp3Y=
-18,-8,7qaqLYBwjeyv5nSueL8Si4W87p0=,oI0NKOy1NfArpcOGk6qgAedJHsE=
-22,-5,7qaqLYBwjeyv5nSueL8Si4W87p0=,0lHvynt5o/ktxRiKkqLzT3eJ5y4=
-25,-3,7qaqLYBwjeyv5nSueL8Si4W87p0=,NK9nOoCBUsA57wDWKOovFEkZiy4=
-25,-4,7qaqLYBwjeyv5nSueL8Si4W87p0=,NK9nOoCBUsA57wDWKOovFEkZiy4=
-26,-4,7qaqLYBwjeyv5nSueL8Si4W87p0=,NK9nOoCBUsA57wDWKOovFEkZiy4=
-21,-5,i0dkdKNZFGzfzpcq1trqidl/SRs=,0lHvynt5o/ktxRiKkqLzT3eJ5y4=
-21,-8,i0dkdKNZFGzfzpcq1trqidl/SRs=,0lHvynt5o/ktxRiKkqLzT3eJ5y4=
-25,-5,i0dkdKNZFGzfzpcq1trqidl/SRs=,42U7JxO6UuJHqFKitpKFckaOp3Y=
-19,-5,i0dkdKNZFGzfzpcq1trqidl/SRs=,oI0NKOy1NfArpcOGk6qgAedJHsE=
-26,-5,i0dkdKNZFGzfzpcq1trqidl/SRs=,42U7JxO6UuJHqFKitpKFckaOp3Y=
-21,-7,i0dkdKNZFGzfzpcq1trqidl/SRs=,0lHvynt5o/ktxRiKkqLzT3eJ5y4=
-19,-6,i0dkdKNZFGzfzpcq1trqidl/SRs=,oI0NKOy1NfArpcOGk6qgAedJHsE=
-24,-5,i0dkdKNZFGzfzpcq1trqidl/SRs=,0lHvynt5o/ktxRiKkqLzT3eJ5y4=
-20,-6,i0dkdKNZFGzfzpcq1trqidl/SRs=,oI0NKOy1NfArpcOGk6qgAedJHsE=
-21,-6,i0dkdKNZFGzfzpcq1trqidl/SRs=,0lHvynt5o/ktxRiKkqLzT3eJ5y4=
-21,-4,i0dkdKNZFGzfzpcq1trqidl/SRs=,4HmRA/H9w097op0veV4nHZ7kDmw=
-25,-6,i0dkdKNZFGzfzpcq1trqidl/SRs=,42U7JxO6UuJHqFKitpKFckaOp3Y=
-24,-6,i0dkdKNZFGzfzpcq1trqidl/SRs=,0lHvynt5o/ktxRiKkqLzT3eJ5y4=
-23,-6,i0dkdKNZFGzfzpcq1trqidl/SRs=,0lHvynt5o/ktxRiKkqLzT3eJ5y4=
-22,-7,i0dkdKNZFGzfzpcq1trqidl/SRs=,0lHvynt5o/ktxRiKkqLzT3eJ5y4=
-23,-5,i0dkdKNZFGzfzpcq1trqidl/SRs=,0lHvynt5o/ktxRiKkqLzT3eJ5y4=
-22,-10,i0dkdKNZFGzfzpcq1trqidl/SRs=,UV3qZ4KUrxfoeuH21MAatY5q0I0=
-22,-9,i0dkdKNZFGzfzpcq1trqidl/SRs=,UV3qZ4KUrxfoeuH21MAatY5q0I0=
-20,-4,i0dkdKNZFGzfzpcq1trqidl/SRs=,Zjdb3OCOKuDjhlmPioJ3Lu4YZBU=
-24,-3,i0dkdKNZFGzfzpcq1trqidl/SRs=,4HmRA/H9w097op0veV4nHZ7kDmw=
-22,-8,i0dkdKNZFGzfzpcq1trqidl/SRs=,0lHvynt5o/ktxRiKkqLzT3eJ5y4=
-20,-5,i0dkdKNZFGzfzpcq1trqidl/SRs=,oI0NKOy1NfArpcOGk6qgAedJHsE=
-17,-12,g0t2FLDh15fnun3aiMqw5XTINEw=,jLw+QDfIfHKd/B3dq43k2YrzQhc=
-21,-10,g0t2FLDh15fnun3aiMqw5XTINEw=,UV3qZ4KUrxfoeuH21MAatY5q0I0=
-17,-8,g0t2FLDh15fnun3aiMqw5XTINEw=,oI0NKOy1NfArpcOGk6qgAedJHsE=
-23,-3,g0t2FLDh15fnun3aiMqw5XTINEw=,4HmRA/H9w097op0veV4nHZ7kDmw=
-17,-9,g0t2FLDh15fnun3aiMqw5XTINEw=,jLw+QDfIfHKd/B3dq43k2YrzQhc=
-20,-10,g0t2FLDh15fnun3aiMqw5XTINEw=,jLw+QDfIfHKd/B3dq43k2YrzQhc=
-17,-7,g0t2FLDh15fnun3aiMqw5XTINEw=,oI0NKOy1NfArpcOGk6qgAedJHsE=
-24,-4,g0t2FLDh15fnun3aiMqw5XTINEw=,4HmRA/H9w097op0veV4nHZ7kDmw=
-18,-7,g0t2FLDh15fnun3aiMqw5XTINEw=,oI0NKOy1NfArpcOGk6qgAedJHsE=
-22,-3,g0t2FLDh15fnun3aiMqw5XTINEw=,4HmRA/H9w097op0veV4nHZ7kDmw=
-19,-10,g0t2FLDh15fnun3aiMqw5XTINEw=,jLw+QDfIfHKd/B3dq43k2YrzQhc=
-23,-4,1Elzwn0AefWRUpfB4XP6qd6WZqE=,4HmRA/H9w097op0veV4nHZ7kDmw=
-19,-9,1Elzwn0AefWRUpfB4XP6qd6WZqE=,jLw+QDfIfHKd/B3dq43k2YrzQhc=
-21,-3,1Elzwn0AefWRUpfB4XP6qd6WZqE=,4HmRA/H9w097op0veV4nHZ7kDmw=
-22,-4,1Elzwn0AefWRUpfB4XP6qd6WZqE=,4HmRA/H9w097op0veV4nHZ7kDmw=
-20,-3,1Elzwn0AefWRUpfB4XP6qd6WZqE=,Zjdb3OCOKuDjhlmPioJ3Lu4YZBU=
-19,-4,1Elzwn0AefWRUpfB4XP6qd6WZqE=,Zjdb3OCOKuDjhlmPioJ3Lu4YZBU=
-20,-9,1Elzwn0AefWRUpfB4XP6qd6WZqE=,jLw+QDfIfHKd/B3dq43k2YrzQhc=
-19,-3,1Elzwn0AefWRUpfB4XP6qd6WZqE=,Zjdb3OCOKuDjhlmPioJ3Lu4YZBU=
-19,-7,1Elzwn0AefWRUpfB4XP6qd6WZqE=,oI0NKOy1NfArpcOGk6qgAedJHsE=
-19,-8,1Elzwn0AefWRUpfB4XP6qd6WZqE=,oI0NKOy1NfArpcOGk6qgAedJHsE=
-20,-7,1Elzwn0AefWRUpfB4XP6qd6WZqE=,oI0NKOy1NfArpcOGk6qgAedJHsE=
-20,-8,1Elzwn0AefWRUpfB4XP6qd6WZqE=,oI0NKOy1NfArpcOGk6qgAedJHsE=
-25,-2,1Elzwn0AefWRUpfB4XP6qd6WZqE=,NK9nOoCBUsA57wDWKOovFEkZiy4=
-18,-12,1Elzwn0AefWRUpfB4XP6qd6WZqE=,jLw+QDfIfHKd/B3dq43k2YrzQhc=
-23,-1,1Elzwn0AefWRUpfB4XP6qd6WZqE=,4HmRA/H9w097op0veV4nHZ7kDmw=
-21,-9,1Elzwn0AefWRUpfB4XP6qd6WZqE=,UV3qZ4KUrxfoeuH21MAatY5q0I0=
-25,-1,1Elzwn0AefWRUpfB4XP6qd6WZqE=,NK9nOoCBUsA57wDWKOovFEkZiy4=
-26,-1,1Elzwn0AefWRUpfB4XP6qd6WZqE=,NK9nOoCBUsA57wDWKOovFEkZiy4=
-27,-1,1Elzwn0AefWRUpfB4XP6qd6WZqE=,NK9nOoCBUsA57wDWKOovFEkZiy4=
-24,-1,1Elzwn0AefWRUpfB4XP6qd6WZqE=,4HmRA/H9w097op0veV4nHZ7kDmw=
-23,-2,1Elzwn0AefWRUpfB4XP6qd6WZqE=,4HmRA/H9w097op0veV4nHZ7kDmw=
-18,-9,1Elzwn0AefWRUpfB4XP6qd6WZqE=,jLw+QDfIfHKd/B3dq43k2YrzQhc=
-24,-2,1Elzwn0AefWRUpfB4XP6qd6WZqE=,4HmRA/H9w097op0veV4nHZ7kDmw=
-17,-10,1Elzwn0AefWRUpfB4XP6qd6WZqE=,jLw+QDfIfHKd/B3dq43k2YrzQhc=
-18,-10,1Elzwn0AefWRUpfB4XP6qd6WZqE=,jLw+QDfIfHKd/B3dq43k2YrzQhc=
-31,-7,1Elzwn0AefWRUpfB4XP6qd6WZqE=,xkHy/vgSWeGN7kxis95MEYKV60E=
-31,-6,1Elzwn0AefWRUpfB4XP6qd6WZqE=,xkHy/vgSWeGN7kxis95MEYKV60E=
-30,-6,1Elzwn0AefWRUpfB4XP6qd6WZqE=,xkHy/vgSWeGN7kxis95MEYKV60E=
-30,-2,1Elzwn0AefWRUpfB4XP6qd6WZqE=,Br0sOsVV8YYOJQzlNjClaeQins4=
-29,-3,1Elzwn0AefWRUpfB4XP6qd6WZqE=,Br0sOsVV8YYOJQzlNjClaeQins4=
-29,-2,1Elzwn0AefWRUpfB4XP6qd6WZqE=,Br0sOsVV8YYOJQzlNjClaeQins4=
-30,-3,1Elzwn0AefWRUpfB4XP6qd6WZqE=,Br0sOsVV8YYOJQzlNjClaeQins4=
-31,-5,1Elzwn0AefWRUpfB4XP6qd6WZqE=,xkHy/vgSWeGN7kxis95MEYKV60E=
-31,-1,1Elzwn0AefWRUpfB4XP6qd6WZqE=,Br0sOsVV8YYOJQzlNjClaeQins4=
-28,-2,1Elzwn0AefWRUpfB4XP6qd6WZqE=,NK9nOoCBUsA57wDWKOovFEkZiy4=
-29,-4,pxvVSyKPO1kqNjYdXgKvX+FZWao=,Br0sOsVV8YYOJQzlNjClaeQins4=
-28,-3,pxvVSyKPO1kqNjYdXgKvX+FZWao=,NK9nOoCBUsA57wDWKOovFEkZiy4=
-30,-4,pxvVSyKPO1kqNjYdXgKvX+FZWao=,Br0sOsVV8YYOJQzlNjClaeQins4=
-28,-1,pxvVSyKPO1kqNjYdXgKvX+FZWao=,NK9nOoCBUsA57wDWKOovFEkZiy4=
-27,-6,pxvVSyKPO1kqNjYdXgKvX+FZWao=,42U7JxO6UuJHqFKitpKFckaOp3Y=
-29,-6,pxvVSyKPO1kqNjYdXgKvX+FZWao=,xkHy/vgSWeGN7kxis95MEYKV60E=
-29,-5,pxvVSyKPO1kqNjYdXgKvX+FZWao=,xkHy/vgSWeGN7kxis95MEYKV60E=
-30,-5,pxvVSyKPO1kqNjYdXgKvX+FZWao=,xkHy/vgSWeGN7kxis95MEYKV60E=
-28,-6,pxvVSyKPO1kqNjYdXgKvX+FZWao=,42U7JxO6UuJHqFKitpKFckaOp3Y=
-28,-5,pxvVSyKPO1kqNjYdXgKvX+FZWao=,42U7JxO6UuJHqFKitpKFckaOp3Y=
-28,-4,pxvVSyKPO1kqNjYdXgKvX+FZWao=,NK9nOoCBUsA57wDWKOovFEkZiy4=
-27,-5,pxvVSyKPO1kqNjYdXgKvX+FZWao=,42U7JxO6UuJHqFKitpKFckaOp3Y=
-29,-1,pxvVSyKPO1kqNjYdXgKvX+FZWao=,Br0sOsVV8YYOJQzlNjClaeQins4=
-30,-1,pxvVSyKPO1kqNjYdXgKvX+FZWao=,Br0sOsVV8YYOJQzlNjClaeQins4=
-32,-7,pxvVSyKPO1kqNjYdXgKvX+FZWao=,xkHy/vgSWeGN7kxis95MEYKV60E=
-31,-2,pxvVSyKPO1kqNjYdXgKvX+FZWao=,Br0sOsVV8YYOJQzlNjClaeQins4=
-31,-4,m171SMYsPswIgWFW613xNDCuPBc=,Br0sOsVV8YYOJQzlNjClaeQins4=
-32,-6,m171SMYsPswIgWFW613xNDCuPBc=,xkHy/vgSWeGN7kxis95MEYKV60E=
-31,-3,m171SMYsPswIgWFW613xNDCuPBc=,Br0sOsVV8YYOJQzlNjClaeQins4=
-32,-5,m171SMYsPswIgWFW613xNDCuPBc=,xkHy/vgSWeGN7kxis95MEYKV60E=
-32,-3,m171SMYsPswIgWFW613xNDCuPBc=,Br0sOsVV8YYOJQzlNjClaeQins4=
-32,-2,m171SMYsPswIgWFW613xNDCuPBc=,Br0sOsVV8YYOJQzlNjClaeQins4=
-32,-1,m171SMYsPswIgWFW613xNDCuPBc=,Br0sOsVV8YYOJQzlNjClaeQins4=
-32,-4,m171SMYsPswIgWFW613xNDCuPBc=,Br0sOsVV8YYOJQzlNjClaeQins4=
-17,-4,m171SMYsPswIgWFW613xNDCuPBc=,Zjdb3OCOKuDjhlmPioJ3Lu4YZBU=
-17,-5,m171SMYsPswIgWFW613xNDCuPBc=,oI0NKOy1NfArpcOGk6qgAedJHsE=
-17,-3,m171SMYsPswIgWFW613xNDCuPBc=,Zjdb3OCOKuDjhlmPioJ3Lu4YZBU=
-17,-6,m171SMYsPswIgWFW613xNDCuPBc=,oI0NKOy1NfArpcOGk6qgAedJHsE=
-18,-4,m171SMYsPswIgWFW613xNDCuPBc=,Zjdb3OCOKuDjhlmPioJ3Lu4YZBU=
-18,-6,m171SMYsPswIgWFW613xNDCuPBc=,oI0NKOy1NfArpcOGk6qgAedJHsE=
-18,-5,m171SMYsPswIgWFW613xNDCuPBc=,oI0NKOy1NfArpcOGk6qgAedJHsE=
-18,-3,m171SMYsPswIgWFW613xNDCuPBc=,Zjdb3OCOKuDjhlmPioJ3Lu4YZBU=
-17,-11,m171SMYsPswIgWFW613xNDCuPBc=,jLw+QDfIfHKd/B3dq43k2YrzQhc=
-18,-11,m171SMYsPswIgWFW613xNDCuPBc=,jLw+QDfIfHKd/B3dq43k2YrzQhc=
-28,-8,m171SMYsPswIgWFW613xNDCuPBc=,42U7JxO6UuJHqFKitpKFckaOp3Y=
-29,-9,m171SMYsPswIgWFW613xNDCuPBc=,/inTtpw4TNZCR9X4cxkd6FUEXqk=
-28,-9,m171SMYsPswIgWFW613xNDCuPBc=,3k/7ChsP9whB+9BSXN5td1CHQXE=
-28,-10,m171SMYsPswIgWFW613xNDCuPBc=,3k/7ChsP9whB+9BSXN5td1CHQXE=
-28,-7,m171SMYsPswIgWFW613xNDCuPBc=,42U7JxO6UuJHqFKitpKFckaOp3Y=
-31,-9,m171SMYsPswIgWFW613xNDCuPBc=,/inTtpw4TNZCR9X4cxkd6FUEXqk=
-30,-9,m171SMYsPswIgWFW613xNDCuPBc=,/inTtpw4TNZCR9X4cxkd6FUEXqk=
-30,-7,m171SMYsPswIgWFW613xNDCuPBc=,xkHy/vgSWeGN7kxis95MEYKV60E=
-27,-8,m171SMYsPswIgWFW613xNDCuPBc=,42U7JxO6UuJHqFKitpKFckaOp3Y=
-32,-8,m171SMYsPswIgWFW613xNDCuPBc=,xkHy/vgSWeGN7kxis95MEYKV60E=
-31,-8,m171SMYsPswIgWFW613xNDCuPBc=,xkHy/vgSWeGN7kxis95MEYKV60E=
-29,-7,m171SMYsPswIgWFW613xNDCuPBc=,xkHy/vgSWeGN7kxis95MEYKV60E=
-27,-10,m171SMYsPswIgWFW613xNDCuPBc=,3k/7ChsP9whB+9BSXN5td1CHQXE=
-30,-8,m171SMYsPswIgWFW613xNDCuPBc=,xkHy/vgSWeGN7kxis95MEYKV60E=
-32,-10,m171SMYsPswIgWFW613xNDCuPBc=,/inTtpw4TNZCR9X4cxkd6FUEXqk=
-29,-8,m171SMYsPswIgWFW613xNDCuPBc=,xkHy/vgSWeGN7kxis95MEYKV60E=
-30,-10,m171SMYsPswIgWFW613xNDCuPBc=,/inTtpw4TNZCR9X4cxkd6FUEXqk=
-27,-7,m171SMYsPswIgWFW613xNDCuPBc=,42U7JxO6UuJHqFKitpKFckaOp3Y=
-32,-9,m171SMYsPswIgWFW613xNDCuPBc=,/inTtpw4TNZCR9X4cxkd6FUEXqk=
-31,-10,m171SMYsPswIgWFW613xNDCuPBc=,/inTtpw4TNZCR9X4cxkd6FUEXqk=
-27,-9,m171SMYsPswIgWFW613xNDCuPBc=,3k/7ChsP9whB+9BSXN5td1CHQXE=
-29,-10,m171SMYsPswIgWFW613xNDCuPBc=,/inTtpw4TNZCR9X4cxkd6FUEXqk=
-21,-1,m171SMYsPswIgWFW613xNDCuPBc=,4HmRA/H9w097op0veV4nHZ7kDmw=
-22,-1,m171SMYsPswIgWFW613xNDCuPBc=,4HmRA/H9w097op0veV4nHZ7kDmw=
-18,-1,m171SMYsPswIgWFW613xNDCuPBc=,Zjdb3OCOKuDjhlmPioJ3Lu4YZBU=
-21,-2,m171SMYsPswIgWFW613xNDCuPBc=,4HmRA/H9w097op0veV4nHZ7kDmw=
-22,-2,m171SMYsPswIgWFW613xNDCuPBc=,4HmRA/H9w097op0veV4nHZ7kDmw=
-17,-1,m171SMYsPswIgWFW613xNDCuPBc=,Zjdb3OCOKuDjhlmPioJ3Lu4YZBU=
-25,-12,m171SMYsPswIgWFW613xNDCuPBc=,3k/7ChsP9whB+9BSXN5td1CHQXE=
-25,-11,m171SMYsPswIgWFW613xNDCuPBc=,3k/7ChsP9whB+9BSXN5td1CHQXE=
-20,-12,m171SMYsPswIgWFW613xNDCuPBc=,jLw+QDfIfHKd/B3dq43k2YrzQhc=
-19,-12,m171SMYsPswIgWFW613xNDCuPBc=,jLw+QDfIfHKd/B3dq43k2YrzQhc=
-19,-2,m171SMYsPswIgWFW613xNDCuPBc=,Zjdb3OCOKuDjhlmPioJ3Lu4YZBU=
-20,-1,m171SMYsPswIgWFW613xNDCuPBc=,Zjdb3OCOKuDjhlmPioJ3Lu4YZBU=
-20,-11,m171SMYsPswIgWFW613xNDCuPBc=,jLw+QDfIfHKd/B3dq43k2YrzQhc=
-18,-2,m171SMYsPswIgWFW613xNDCuPBc=,Zjdb3OCOKuDjhlmPioJ3Lu4YZBU=
-23,-12,m171SMYsPswIgWFW613xNDCuPBc=,UV3qZ4KUrxfoeuH21MAatY5q0I0=
-19,-11,m171SMYsPswIgWFW613xNDCuPBc=,jLw+QDfIfHKd/B3dq43k2YrzQhc=
-21,-11,m171SMYsPswIgWFW613xNDCuPBc=,UV3qZ4KUrxfoeuH21MAatY5q0I0=
-24,-11,m171SMYsPswIgWFW613xNDCuPBc=,UV3qZ4KUrxfoeuH21MAatY5q0I0=
-19,-1,m171SMYsPswIgWFW613xNDCuPBc=,Zjdb3OCOKuDjhlmPioJ3Lu4YZBU=
-21,-12,m171SMYsPswIgWFW613xNDCuPBc=,UV3qZ4KUrxfoeuH21MAatY5q0I0=
-24,-12,m171SMYsPswIgWFW613xNDCuPBc=,UV3qZ4KUrxfoeuH21MAatY5q0I0=
-20,-2,m171SMYsPswIgWFW613xNDCuPBc=,Zjdb3OCOKuDjhlmPioJ3Lu4YZBU=
-17,-2,m171SMYsPswIgWFW613xNDCuPBc=,Zjdb3OCOKuDjhlmPioJ3Lu4YZBU=
-27,-11,m171SMYsPswIgWFW613xNDCuPBc=,3k/7ChsP9whB+9BSXN5td1CHQXE=
-32,-12,m171SMYsPswIgWFW613xNDCuPBc=,/inTtpw4TNZCR9X4cxkd6FUEXqk=
-29,-11,m171SMYsPswIgWFW613xNDCuPBc=,/inTtpw4TNZCR9X4cxkd6FUEXqk=
-28,-11,m171SMYsPswIgWFW613xNDCuPBc=,3k/7ChsP9whB+9BSXN5td1CHQXE=
-30,-11,m171SMYsPswIgWFW613xNDCuPBc=,/inTtpw4TNZCR9X4cxkd6FUEXqk=
-31,-11,m171SMYsPswIgWFW613xNDCuPBc=,/inTtpw4TNZCR9X4cxkd6FUEXqk=
-31,-12,m171SMYsPswIgWFW613xNDCuPBc=,/inTtpw4TNZCR9X4cxkd6FUEXqk=
-32,-11,m171SMYsPswIgWFW613xNDCuPBc=,/inTtpw4TNZCR9X4cxkd6FUEXqk=
-28,-12,m171SMYsPswIgWFW613xNDCuPBc=,3k/7ChsP9whB+9BSXN5td1CHQXE=
-30,-12,m171SMYsPswIgWFW613xNDCuPBc=,/inTtpw4TNZCR9X4cxkd6FUEXqk=
-29,-12,m171SMYsPswIgWFW613xNDCuPBc=,/inTtpw4TNZCR9X4cxkd6FUEXqk=
