12,4,GGH9k69HsfhFn4acRoa/nGBnUB4=,S6xU4I2FoiPzHVLfKxfeDr/OSaE=
10,4,GGH9k69HsfhFn4acRoa/nGBnUB4=,6MNAeHxqhMiqxnbtbNIgPoQ6I04=
11,4,GGH9k69HsfhFn4acRoa/nGBnUB4=,6MNAeHxqhMiqxnbtbNIgPoQ6I04=
11,3,GGH9k69HsfhFn4acRoa/nGBnUB4=,u14lfShHH4DQRoChgEZYsozoJXw=
10,3,GGH9k69HsfhFn4acRoa/nGBnUB4=,u14lfShHH4DQRoChgEZYsozoJXw=
12,3,GGH9k69HsfhFn4acRoa/nGBnUB4=,QQOuDJzMGKrdcNBmpimKJ2qJVkY=
13,2,GGH9k69HsfhFn4acRoa/nGBnUB4=,QQOuDJzMGKrdcNBmpimKJ2qJVkY=
10,2,QdAVGrSSC70QANOmjKlY7uwqLvI=,u14lfShHH4DQRoChgEZYsozoJXw=
11,5,QdAVGrSSC70QANOmjKlY7uwqLvI=,6MNAeHxqhMiqxnbtbNIgPoQ6I04=
13,5,QdAVGrSSC70QANOmjKlY7uwqLvI=,S6xU4I2FoiPzHVLfKxfeDr/OSaE=
10,5,QdAVGrSSC70QANOmjKlY7uwqLvI=,6MNAeHxqhMiqxnbtbNIgPoQ6I04=
11,2,QdAVGrSSC70QANOmjKlY7uwqLvI=,u14lfShHH4DQRoChgEZYsozoJXw=
13,3,QdAVGrSSC70QANOmjKlY7uwqLvI=,QQOuDJzMGKrdcNBmpimKJ2qJVkY=
12,2,QdAVGrSSC70QANOmjKlY7uwqLvI=,QQOuDJzMGKrdcNBmpimKJ2qJVkY=
13,4,QdAVGrSSC70QANOmjKlY7uwqLvI=,S6xU4I2FoiPzHVLfKxfeDr/OSaE=
12,5,QdAVGrSSC70QANOmjKlY7uwqLvI=,S6xU4I2FoiPzHVLfKxfeDr/OSaE=
6,3,EPObyqZGrYZvx0hN26sDKLp3vXs=,1XuIJxQ6M0TznRz8kZA47YcPhjU=
7,3,EPObyqZGrYZvx0hN26sDKLp3vXs=,1XuIJxQ6M0TznRz8kZA47YcPhjU=
8,5,EPObyqZGrYZvx0hN26sDKLp3vXs=,6MNAeHxqhMiqxnbtbNIgPoQ6I04=
7,5,EPObyqZGrYZvx0hN26sDKLp3vXs=,PO4APcx4AVU9Y6CTZPnVI+yt7bI=
9,4,EPObyqZGrYZvx0hN26sDKLp3vXs=,6MNAeHxqhMiqxnbtbNIgPoQ6I04=
8,4,EPObyqZGrYZvx0hN26sDKLp3vXs=,6MNAeHxqhMiqxnbtbNIgPoQ6I04=
6,5,EPObyqZGrYZvx0hN26sDKLp3vXs=,PO4APcx4AVU9Y6CTZPnVI+yt7bI=
6,4,EPObyqZGrYZvx0hN26sDKLp3vXs=,PO4APcx4AVU9Y6CTZPnVI+yt7bI=
9,2,EPObyqZGrYZvx0hN26sDKLp3vXs=,u14lfShHH4DQRoChgEZYsozoJXw=
7,4,EPObyqZGrYZvx0hN26sDKLp3vXs=,PO4APcx4AVU9Y6CTZPnVI+yt7bI=
9,5,EPObyqZGrYZvx0hN26sDKLp3vXs=,6MNAeHxqhMiqxnbtbNIgPoQ6I04=
8,3,EPObyqZGrYZvx0hN26sDKLp3vXs=,u14lfShHH4DQRoChgEZYsozoJXw=
7,2,EPObyqZGrYZvx0hN26sDKLp3vXs=,1XuIJxQ6M0TznRz8kZA47YcPhjU=
8,2,EPObyqZGrYZvx0hN26sDKLp3vXs=,u14lfShHH4DQRoChgEZYsozoJXw=
6,2,EPObyqZGrYZvx0hN26sDKLp3vXs=,1XuIJxQ6M0TznRz8kZA47YcPhjU=
9,3,EPObyqZGrYZvx0hN26sDKLp3vXs=,u14lfShHH4DQRoChgEZYsozoJXw=
5,2,EPObyqZGrYZvx0hN26sDKLp3vXs=,1XuIJxQ6M0TznRz8kZA47YcPhjU=
5,4,EPObyqZGrYZvx0hN26sDKLp3vXs=,PO4APcx4AVU9Y6CTZPnVI+yt7bI=
3,3,EPObyqZGrYZvx0hN26sDKLp3vXs=,hoHB1MyIPTSZsJQXyad2Ps9Gg6c=
5,5,EPObyqZGrYZvx0hN26sDKLp3vXs=,PO4APcx4AVU9Y6CTZPnVI+yt7bI=
5,3,EPObyqZGrYZvx0hN26sDKLp3vXs=,1XuIJxQ6M0TznRz8kZA47YcPhjU=
2,4,5PIqgsLxoK5NczsNG0u3CEDuXGU=,udAfFTGD5QRMQR/3OHfsh3n8X8A=
4,5,5PIqgsLxoK5NczsNG0u3CEDuXGU=,PO4APcx4AVU9Y6CTZPnVI+yt7bI=
3,5,5PIqgsLxoK5NczsNG0u3CEDuXGU=,udAfFTGD5QRMQR/3OHfsh3n8X8A=
2,5,5PIqgsLxoK5NczsNG0u3CEDuXGU=,udAfFTGD5QRMQR/3OHfsh3n8X8A=
4,2,5PIqgsLxoK5NczsNG0u3CEDuXGU=,1XuIJxQ6M0TznRz8kZA47YcPhjU=
2,3,5PIqgsLxoK5NczsNG0u3CEDuXGU=,hoHB1MyIPTSZsJQXyad2Ps9Gg6c=
4,3,5PIqgsLxoK5NczsNG0u3CEDuXGU=,1XuIJxQ6M0TznRz8kZA47YcPhjU=
4,4,5PIqgsLxoK5NczsNG0u3CEDuXGU=,PO4APcx4AVU9Y6CTZPnVI+yt7bI=
3,2,5PIqgsLxoK5NczsNG0u3CEDuXGU=,hoHB1MyIPTSZsJQXyad2Ps9Gg6c=
3,4,5PIqgsLxoK5NczsNG0u3CEDuXGU=,udAfFTGD5QRMQR/3OHfsh3n8X8A=
2,2,5PIqgsLxoK5NczsNG0u3CEDuXGU=,hoHB1MyIPTSZsJQXyad2Ps9Gg6c=
5,7,3hcz8aZMl//5UJtCF+RrS4XHD5o=,PO4APcx4AVU9Y6CTZPnVI+yt7bI=
5,8,3hcz8aZMl//5UJtCF+RrS4XHD5o=,9JwIr9HeCIkOkhJJOPaMqB7SgYE=
2,9,3hcz8aZMl//5UJtCF+RrS4XHD5o=,UFbabxh7emGtgywfvQATZ4jZLgU=
4,9,3hcz8aZMl//5UJtCF+RrS4XHD5o=,9JwIr9HeCIkOkhJJOPaMqB7SgYE=
4,6,3hcz8aZMl//5UJtCF+RrS4XHD5o=,PO4APcx4AVU9Y6CTZPnVI+yt7bI=
2,7,3hcz8aZMl//5UJtCF+RrS4XHD5o=,udAfFTGD5QRMQR/3OHfsh3n8X8A=
4,8,3hcz8aZMl//5UJtCF+RrS4XHD5o=,9JwIr9HeCIkOkhJJOPaMqB7SgYE=
3,7,3hcz8aZMl//5UJtCF+RrS4XHD5o=,udAfFTGD5QRMQR/3OHfsh3n8X8A=
3,9,3hcz8aZMl//5UJtCF+RrS4XHD5o=,UFbabxh7emGtgywfvQATZ4jZLgU=
3,6,3hcz8aZMl//5UJtCF+RrS4XHD5o=,udAfFTGD5QRMQR/3OHfsh3n8X8A=
5,9,3hcz8aZMl//5UJtCF+RrS4XHD5o=,9JwIr9HeCIkOkhJJOPaMqB7SgYE=
3,8,3hcz8aZMl//5UJtCF+RrS4XHD5o=,UFbabxh7emGtgywfvQATZ4jZLgU=
4,7,3hcz8aZMl//5UJtCF+RrS4XHD5o=,PO4APcx4AVU9Y6CTZPnVI+yt7bI=
2,8,3hcz8aZMl//5UJtCF+RrS4XHD5o=,UFbabxh7emGtgywfvQATZ4jZLgU=
5,6,3hcz8aZMl//5UJtCF+RrS4XHD5o=,PO4APcx4AVU9Y6CTZPnVI+yt7bI=
2,6,3hcz8aZMl//5UJtCF+RrS4XHD5o=,udAfFTGD5QRMQR/3OHfsh3n8X8A=
3,11,jcHVJIg3wfawNjqJL+TZR+7NylE=,UFbabxh7emGtgywfvQATZ4jZLgU=
3,13,jcHVJIg3wfawNjqJL+TZR+7NylE=,DZOPGLvBSQeWU8jKlCqxdVq0NI0=
5,10,jcHVJIg3wfawNjqJL+TZR+7NylE=,9JwIr9HeCIkOkhJJOPaMqB7SgYE=
4,10,jcHVJIg3wfawNjqJL+TZR+7NylE=,9JwIr9HeCIkOkhJJOPaMqB7SgYE=
2,10,jcHVJIg3wfawNjqJL+TZR+7NylE=,UFbabxh7emGtgywfvQATZ4jZLgU=
5,11,jcHVJIg3wfawNjqJL+TZR+7NylE=,9JwIr9HeCIkOkhJJOPaMqB7SgYE=
3,10,jcHVJIg3wfawNjqJL+TZR+7NylE=,UFbabxh7emGtgywfvQATZ4jZLgU=
2,11,jcHVJIg3wfawNjqJL+TZR+7NylE=,UFbabxh7emGtgywfvQATZ4jZLgU=
2,12,jcHVJIg3wfawNjqJL+TZR+7NylE=,DZOPGLvBSQeWU8jKlCqxdVq0NI0=
4,11,jcHVJIg3wfawNjqJL+TZR+7NylE=,9JwIr9HeCIkOkhJJOPaMqB7SgYE=
2,13,jcHVJIg3wfawNjqJL+TZR+7NylE=,DZOPGLvBSQeWU8jKlCqxdVq0NI0=
4,13,jcHVJIg3wfawNjqJL+TZR+7NylE=,zTz/RTjs/iAuh3QUVBrLPEv4vZQ=
3,12,jcHVJIg3wfawNjqJL+TZR+7NylE=,DZOPGLvBSQeWU8jKlCqxdVq0NI0=
5,13,jcHVJIg3wfawNjqJL+TZR+7NylE=,zTz/RTjs/iAuh3QUVBrLPEv4vZQ=
4,12,jcHVJIg3wfawNjqJL+TZR+7NylE=,zTz/RTjs/iAuh3QUVBrLPEv4vZQ=
5,12,jcHVJIg3wfawNjqJL+TZR+7NylE=,zTz/RTjs/iAuh3QUVBrLPEv4vZQ=
9,8,4CKuNhY/LP/jjhBBI0yRU2H798k=,uLRNlusrmKuJL3sM7A1EUyDNag8=
7,8,4CKuNhY/LP/jjhBBI0yRU2H798k=,9JwIr9HeCIkOkhJJOPaMqB7SgYE=
9,7,4CKuNhY/LP/jjhBBI0yRU2H798k=,6MNAeHxqhMiqxnbtbNIgPoQ6I04=
8,7,4CKuNhY/LP/jjhBBI0yRU2H798k=,6MNAeHxqhMiqxnbtbNIgPoQ6I04=
8,9,4CKuNhY/LP/jjhBBI0yRU2H798k=,uLRNlusrmKuJL3sM7A1EUyDNag8=
8,8,4CKuNhY/LP/jjhBBI0yRU2H798k=,uLRNlusrmKuJL3sM7A1EUyDNag8=
7,7,4CKuNhY/LP/jjhBBI0yRU2H798k=,PO4APcx4AVU9Y6CTZPnVI+yt7bI=
9,6,4CKuNhY/LP/jjhBBI0yRU2H798k=,6MNAeHxqhMiqxnbtbNIgPoQ6I04=
7,9,4CKuNhY/LP/jjhBBI0yRU2H798k=,9JwIr9HeCIkOkhJJOPaMqB7SgYE=
9,9,4CKuNhY/LP/jjhBBI0yRU2H798k=,uLRNlusrmKuJL3sM7A1EUyDNag8=
6,6,4CKuNhY/LP/jjhBBI0yRU2H798k=,PO4APcx4AVU9Y6CTZPnVI+yt7bI=
7,6,4CKuNhY/LP/jjhBBI0yRU2H798k=,PO4APcx4AVU9Y6CTZPnVI+yt7bI=
8,6,4CKuNhY/LP/jjhBBI0yRU2H798k=,6MNAeHxqhMiqxnbtbNIgPoQ6I04=
6,8,4CKuNhY/LP/jjhBBI0yRU2H798k=,9JwIr9HeCIkOkhJJOPaMqB7SgYE=
6,9,4CKuNhY/LP/jjhBBI0yRU2H798k=,9JwIr9HeCIkOkhJJOPaMqB7SgYE=
6,7,4CKuNhY/LP/jjhBBI0yRU2H798k=,PO4APcx4AVU9Y6CTZPnVI+yt7bI=
8,11,Q/AmqF8XNID2tAsTJQRGkT+E8uE=,uLRNlusrmKuJL3sM7A1EUyDNag8=
6,10,Q/AmqF8XNID2tAsTJQRGkT+E8uE=,9JwIr9HeCIkOkhJJOPaMqB7SgYE=
7,13,Q/AmqF8XNID2tAsTJQRGkT+E8uE=,zTz/RTjs/iAuh3QUVBrLPEv4vZQ=
9,11,Q/AmqF8XNID2tAsTJQRGkT+E8uE=,uLRNlusrmKuJL3sM7A1EUyDNag8=
9,13,Q/AmqF8XNID2tAsTJQRGkT+E8uE=,3a+5dFG+KlE/bvuDgd1n7q7Sv2o=
6,11,Q/AmqF8XNID2tAsTJQRGkT+E8uE=,9JwIr9HeCIkOkhJJOPaMqB7SgYE=
9,10,Q/AmqF8XNID2tAsTJQRGkT+E8uE=,uLRNlusrmKuJL3sM7A1EUyDNag8=
6,12,Q/AmqF8XNID2tAsTJQRGkT+E8uE=,zTz/RTjs/iAuh3QUVBrLPEv4vZQ=
8,10,Q/AmqF8XNID2tAsTJQRGkT+E8uE=,uLRNlusrmKuJL3sM7A1EUyDNag8=
8,13,Q/AmqF8XNID2tAsTJQRGkT+E8uE=,3a+5dFG+KlE/bvuDgd1n7q7Sv2o=
7,10,Q/AmqF8XNID2tAsTJQRGkT+E8uE=,9JwIr9HeCIkOkhJJOPaMqB7SgYE=
7,12,Q/AmqF8XNID2tAsTJQRGkT+E8uE=,zTz/RTjs/iAuh3QUVBrLPEv4vZQ=
6,13,Q/AmqF8XNID2tAsTJQRGkT+E8uE=,zTz/RTjs/iAuh3QUVBrLPEv4vZQ=
7,11,Q/AmqF8XNID2tAsTJQRGkT+E8uE=,9JwIr9HeCIkOkhJJOPaMqB7SgYE=
9,12,Q/AmqF8XNID2tAsTJQRGkT+E8uE=,3a+5dFG+KlE/bvuDgd1n7q7Sv2o=
8,12,Q/AmqF8XNID2tAsTJQRGkT+E8uE=,3a+5dFG+KlE/bvuDgd1n7q7Sv2o=
14,9,Q/AmqF8XNID2tAsTJQRGkT+E8uE=,LXBkinlu/tCrUXKPn3/ZYrghPaQ=
11,6,Q/AmqF8XNID2tAsTJQRGkT+E8uE=,6MNAeHxqhMiqxnbtbNIgPoQ6I04=
10,6,Q/AmqF8XNID2tAsTJQRGkT+E8uE=,6MNAeHxqhMiqxnbtbNIgPoQ6I04=
13,8,Q/AmqF8XNID2tAsTJQRGkT+E8uE=,LXBkinlu/tCrUXKPn3/ZYrghPaQ=
13,6,Q/AmqF8XNID2tAsTJQRGkT+E8uE=,S6xU4I2FoiPzHVLfKxfeDr/OSaE=
12,6,Q/AmqF8XNID2tAsTJQRGkT+E8uE=,S6xU4I2FoiPzHVLfKxfeDr/OSaE=
10,8,Q/AmqF8XNID2tAsTJQRGkT+E8uE=,uLRNlusrmKuJL3sM7A1EUyDNag8=
11,9,Q/AmqF8XNID2tAsTJQRGkT+E8uE=,uLRNlusrmKuJL3sM7A1EUyDNag8=
10,9,Q/AmqF8XNID2tAsTJQRGkT+E8uE=,uLRNlusrmKuJL3sM7A1EUyDNag8=
10,7,Q/AmqF8XNID2tAsTJQRGkT+E8uE=,6MNAeHxqhMiqxnbtbNIgPoQ6I04=
11,8,Q/AmqF8XNID2tAsTJQRGkT+E8uE=,uLRNlusrmKuJL3sM7A1EUyDNag8=
11,7,Q/AmqF8XNID2tAsTJQRGkT+E8uE=,6MNAeHxqhMiqxnbtbNIgPoQ6I04=
13,9,Q/AmqF8XNID2tAsTJQRGkT+E8uE=,LXBkinlu/tCrUXKPn3/ZYrghPaQ=
12,9,Q/AmqF8XNID2tAsTJQRGkT+E8uE=,LXBkinlu/tCrUXKPn3/ZYrghPaQ=
13,7,Q/AmqF8XNID2tAsTJQRGkT+E8uE=,S6xU4I2FoiPzHVLfKxfeDr/OSaE=
12,7,Q/AmqF8XNID2tAsTJQRGkT+E8uE=,S6xU4I2FoiPzHVLfKxfeDr/OSaE=
12,8,Q/AmqF8XNID2tAsTJQRGkT+E8uE=,LXBkinlu/tCrUXKPn3/ZYrghPaQ=
13,11,8KarItH0si5diXuHEU2SjtbtBXg=,LXBkinlu/tCrUXKPn3/ZYrghPaQ=
11,11,8KarItH0si5diXuHEU2SjtbtBXg=,uLRNlusrmKuJL3sM7A1EUyDNag8=
12,10,8KarItH0si5diXuHEU2SjtbtBXg=,LXBkinlu/tCrUXKPn3/ZYrghPaQ=
12,11,8KarItH0si5diXuHEU2SjtbtBXg=,LXBkinlu/tCrUXKPn3/ZYrghPaQ=
13,13,8KarItH0si5diXuHEU2SjtbtBXg=,pac8hrcAxtHFUBCBjZq0h+XWpY0=
12,12,8KarItH0si5diXuHEU2SjtbtBXg=,pac8hrcAxtHFUBCBjZq0h+XWpY0=
10,12,8KarItH0si5diXuHEU2SjtbtBXg=,3a+5dFG+KlE/bvuDgd1n7q7Sv2o=
12,13,8KarItH0si5diXuHEU2SjtbtBXg=,pac8hrcAxtHFUBCBjZq0h+XWpY0=
10,13,8KarItH0si5diXuHEU2SjtbtBXg=,3a+5dFG+KlE/bvuDgd1n7q7Sv2o=
11,10,8KarItH0si5diXuHEU2SjtbtBXg=,uLRNlusrmKuJL3sM7A1EUyDNag8=
11,12,8KarItH0si5diXuHEU2SjtbtBXg=,3a+5dFG+KlE/bvuDgd1n7q7Sv2o=
10,10,8KarItH0si5diXuHEU2SjtbtBXg=,uLRNlusrmKuJL3sM7A1EUyDNag8=
13,10,8KarItH0si5diXuHEU2SjtbtBXg=,LXBkinlu/tCrUXKPn3/ZYrghPaQ=
13,12,8KarItH0si5diXuHEU2SjtbtBXg=,pac8hrcAxtHFUBCBjZq0h+XWpY0=
11,13,8KarItH0si5diXuHEU2SjtbtBXg=,3a+5dFG+KlE/bvuDgd1n7q7Sv2o=
10,11,8KarItH0si5diXuHEU2SjtbtBXg=,uLRNlusrmKuJL3sM7A1EUyDNag8=
10,15,8KarItH0si5diXuHEU2SjtbtBXg=,3a+5dFG+KlE/bvuDgd1n7q7Sv2o=
10,14,8KarItH0si5diXuHEU2SjtbtBXg=,3a+5dFG+KlE/bvuDgd1n7q7Sv2o=
13,15,8KarItH0si5diXuHEU2SjtbtBXg=,pac8hrcAxtHFUBCBjZq0h+XWpY0=
11,14,8KarItH0si5diXuHEU2SjtbtBXg=,3a+5dFG+KlE/bvuDgd1n7q7Sv2o=
12,15,8KarItH0si5diXuHEU2SjtbtBXg=,pac8hrcAxtHFUBCBjZq0h+XWpY0=
11,15,8KarItH0si5diXuHEU2SjtbtBXg=,3a+5dFG+KlE/bvuDgd1n7q7Sv2o=
13,14,8KarItH0si5diXuHEU2SjtbtBXg=,pac8hrcAxtHFUBCBjZq0h+XWpY0=
12,14,8KarItH0si5diXuHEU2SjtbtBXg=,pac8hrcAxtHFUBCBjZq0h+XWpY0=
15,8,gudHuZmsrUg0eiKXfrDY97wVt38=,LXBkinlu/tCrUXKPn3/ZYrghPaQ=
14,8,gudHuZmsrUg0eiKXfrDY97wVt38=,LXBkinlu/tCrUXKPn3/ZYrghPaQ=
15,9,gudHuZmsrUg0eiKXfrDY97wVt38=,LXBkinlu/tCrUXKPn3/ZYrghPaQ=
15,6,gudHuZmsrUg0eiKXfrDY97wVt38=,S6xU4I2FoiPzHVLfKxfeDr/OSaE=
14,7,gudHuZmsrUg0eiKXfrDY97wVt38=,S6xU4I2FoiPzHVLfKxfeDr/OSaE=
15,7,gudHuZmsrUg0eiKXfrDY97wVt38=,S6xU4I2FoiPzHVLfKxfeDr/OSaE=
14,6,gudHuZmsrUg0eiKXfrDY97wVt38=,S6xU4I2FoiPzHVLfKxfeDr/OSaE=
14,10,gudHuZmsrUg0eiKXfrDY97wVt38=,LXBkinlu/tCrUXKPn3/ZYrghPaQ=
15,13,gudHuZmsrUg0eiKXfrDY97wVt38=,pac8hrcAxtHFUBCBjZq0h+XWpY0=
15,12,gudHuZmsrUg0eiKXfrDY97wVt38=,pac8hrcAxtHFUBCBjZq0h+XWpY0=
14,13,gudHuZmsrUg0eiKXfrDY97wVt38=,pac8hrcAxtHFUBCBjZq0h+XWpY0=
14,11,gudHuZmsrUg0eiKXfrDY97wVt38=,LXBkinlu/tCrUXKPn3/ZYrghPaQ=
14,12,gudHuZmsrUg0eiKXfrDY97wVt38=,pac8hrcAxtHFUBCBjZq0h+XWpY0=
15,11,gudHuZmsrUg0eiKXfrDY97wVt38=,LXBkinlu/tCrUXKPn3/ZYrghPaQ=
15,10,gudHuZmsrUg0eiKXfrDY97wVt38=,LXBkinlu/tCrUXKPn3/ZYrghPaQ=
15,4,gudHuZmsrUg0eiKXfrDY97wVt38=,S6xU4I2FoiPzHVLfKxfeDr/OSaE=
15,15,gudHuZmsrUg0eiKXfrDY97wVt38=,pac8hrcAxtHFUBCBjZq0h+XWpY0=
15,5,gudHuZmsrUg0eiKXfrDY97wVt38=,S6xU4I2FoiPzHVLfKxfeDr/OSaE=
15,2,gudHuZmsrUg0eiKXfrDY97wVt38=,QQOuDJzMGKrdcNBmpimKJ2qJVkY=
15,14,gudHuZmsrUg0eiKXfrDY97wVt38=,pac8hrcAxtHFUBCBjZq0h+XWpY0=
14,4,gudHuZmsrUg0eiKXfrDY97wVt38=,S6xU4I2FoiPzHVLfKxfeDr/OSaE=
15,3,gudHuZmsrUg0eiKXfrDY97wVt38=,QQOuDJzMGKrdcNBmpimKJ2qJVkY=
14,3,gudHuZmsrUg0eiKXfrDY97wVt38=,QQOuDJzMGKrdcNBmpimKJ2qJVkY=
14,2,gudHuZmsrUg0eiKXfrDY97wVt38=,QQOuDJzMGKrdcNBmpimKJ2qJVkY=
14,5,gudHuZmsrUg0eiKXfrDY97wVt38=,S6xU4I2FoiPzHVLfKxfeDr/OSaE=
14,15,gudHuZmsrUg0eiKXfrDY97wVt38=,pac8hrcAxtHFUBCBjZq0h+XWpY0=
14,14,gudHuZmsrUg0eiKXfrDY97wVt38=,pac8hrcAxtHFUBCBjZq0h+XWpY0=
10,0,gudHuZmsrUg0eiKXfrDY97wVt38=,u14lfShHH4DQRoChgEZYsozoJXw=
12,0,gudHuZmsrUg0eiKXfrDY97wVt38=,QQOuDJzMGKrdcNBmpimKJ2qJVkY=
11,0,gudHuZmsrUg0eiKXfrDY97wVt38=,u14lfShHH4DQRoChgEZYsozoJXw=
10,1,gudHuZmsrUg0eiKXfrDY97wVt38=,u14lfShHH4DQRoChgEZYsozoJXw=
13,1,gudHuZmsrUg0eiKXfrDY97wVt38=,QQOuDJzMGKrdcNBmpimKJ2qJVkY=
12,1,gudHuZmsrUg0eiKXfrDY97wVt38=,QQOuDJzMGKrdcNBmpimKJ2qJVkY=
11,1,gudHuZmsrUg0eiKXfrDY97wVt38=,u14lfShHH4DQRoChgEZYsozoJXw=
13,0,gudHuZmsrUg0eiKXfrDY97wVt38=,QQOuDJzMGKrdcNBmpimKJ2qJVkY=
9,0,gudHuZmsrUg0eiKXfrDY97wVt38=,u14lfShHH4DQRoChgEZYsozoJXw=
8,1,gudHuZmsrUg0eiKXfrDY97wVt38=,u14lfShHH4DQRoChgEZYsozoJXw=
8,0,gudHuZmsrUg0eiKXfrDY97wVt38=,u14lfShHH4DQRoChgEZYsozoJXw=
9,1,gudHuZmsrUg0eiKXfrDY97wVt38=,u14lfShHH4DQRoChgEZYsozoJXw=
7,1,gudHuZmsrUg0eiKXfrDY97wVt38=,1XuIJxQ6M0TznRz8kZA47YcPhjU=
2,0,gudHuZmsrUg0eiKXfrDY97wVt38=,hoHB1MyIPTSZsJQXyad2Ps9Gg6c=
4,0,gudHuZmsrUg0eiKXfrDY97wVt38=,1XuIJxQ6M0TznRz8kZA47YcPhjU=
5,1,gudHuZmsrUg0eiKXfrDY97wVt38=,1XuIJxQ6M0TznRz8kZA47YcPhjU=
3,1,gudHuZmsrUg0eiKXfrDY97wVt38=,hoHB1MyIPTSZsJQXyad2Ps9Gg6c=
6,1,gudHuZmsrUg0eiKXfrDY97wVt38=,1XuIJxQ6M0TznRz8kZA47YcPhjU=
3,0,gudHuZmsrUg0eiKXfrDY97wVt38=,hoHB1MyIPTSZsJQXyad2Ps9Gg6c=
5,0,gudHuZmsrUg0eiKXfrDY97wVt38=,1XuIJxQ6M0TznRz8kZA47YcPhjU=
2,1,gudHuZmsrUg0eiKXfrDY97wVt38=,hoHB1MyIPTSZsJQXyad2Ps9Gg6c=
4,1,gudHuZmsrUg0eiKXfrDY97wVt38=,1XuIJxQ6M0TznRz8kZA47YcPhjU=
7,0,MCmrC6fVb2kpDTVubUdI6LLBkZE=,1XuIJxQ6M0TznRz8kZA47YcPhjU=
6,0,MCmrC6fVb2kpDTVubUdI6LLBkZE=,1XuIJxQ6M0TznRz8kZA47YcPhjU=
0,3,MCmrC6fVb2kpDTVubUdI6LLBkZE=,hoHB1MyIPTSZsJQXyad2Ps9Gg6c=
0,2,MCmrC6fVb2kpDTVubUdI6LLBkZE=,hoHB1MyIPTSZsJQXyad2Ps9Gg6c=
0,4,MCmrC6fVb2kpDTVubUdI6LLBkZE=,udAfFTGD5QRMQR/3OHfsh3n8X8A=
0,5,MCmrC6fVb2kpDTVubUdI6LLBkZE=,udAfFTGD5QRMQR/3OHfsh3n8X8A=
1,4,MCmrC6fVb2kpDTVubUdI6LLBkZE=,udAfFTGD5QRMQR/3OHfsh3n8X8A=
1,3,MCmrC6fVb2kpDTVubUdI6LLBkZE=,hoHB1MyIPTSZsJQXyad2Ps9Gg6c=
1,2,MCmrC6fVb2kpDTVubUdI6LLBkZE=,hoHB1MyIPTSZsJQXyad2Ps9Gg6c=
1,5,MCmrC6fVb2kpDTVubUdI6LLBkZE=,udAfFTGD5QRMQR/3OHfsh3n8X8A=
0,9,MCmrC6fVb2kpDTVubUdI6LLBkZE=,UFbabxh7emGtgywfvQATZ4jZLgU=
1,9,MCmrC6fVb2kpDTVubUdI6LLBkZE=,UFbabxh7emGtgywfvQATZ4jZLgU=
1,8,MCmrC6fVb2kpDTVubUdI6LLBkZE=,UFbabxh7emGtgywfvQATZ4jZLgU=
0,8,MCmrC6fVb2kpDTVubUdI6LLBkZE=,UFbabxh7emGtgywfvQATZ4jZLgU=
0,6,MCmrC6fVb2kpDTVubUdI6LLBkZE=,udAfFTGD5QRMQR/3OHfsh3n8X8A=
0,7,MCmrC6fVb2kpDTVubUdI6LLBkZE=,udAfFTGD5QRMQR/3OHfsh3n8X8A=
1,6,MCmrC6fVb2kpDTVubUdI6LLBkZE=,udAfFTGD5QRMQR/3OHfsh3n8X8A=
1,7,MCmrC6fVb2kpDTVubUdI6LLBkZE=,udAfFTGD5QRMQR/3OHfsh3n8X8A=
0,12,MCmrC6fVb2kpDTVubUdI6LLBkZE=,DZOPGLvBSQeWU8jKlCqxdVq0NI0=
0,11,MCmrC6fVb2kpDTVubUdI6LLBkZE=,UFbabxh7emGtgywfvQATZ4jZLgU=
0,13,MCmrC6fVb2kpDTVubUdI6LLBkZE=,DZOPGLvBSQeWU8jKlCqxdVq0NI0=
1,10,MCmrC6fVb2kpDTVubUdI6LLBkZE=,UFbabxh7emGtgywfvQATZ4jZLgU=
1,13,MCmrC6fVb2kpDTVubUdI6LLBkZE=,DZOPGLvBSQeWU8jKlCqxdVq0NI0=
1,12,MCmrC6fVb2kpDTVubUdI6LLBkZE=,DZOPGLvBSQeWU8jKlCqxdVq0NI0=
0,10,MCmrC6fVb2kpDTVubUdI6LLBkZE=,UFbabxh7emGtgywfvQATZ4jZLgU=
1,11,MCmrC6fVb2kpDTVubUdI6LLBkZE=,UFbabxh7emGtgywfvQATZ4jZLgU=
15,0,MCmrC6fVb2kpDTVubUdI6LLBkZE=,QQOuDJzMGKrdcNBmpimKJ2qJVkY=
14,0,MCmrC6fVb2kpDTVubUdI6LLBkZE=,QQOuDJzMGKrdcNBmpimKJ2qJVkY=
15,1,R5B/4yFsZomH4ikZ5hr9vqSarak=,QQOuDJzMGKrdcNBmpimKJ2qJVkY=
14,1,R5B/4yFsZomH4ikZ5hr9vqSarak=,QQOuDJzMGKrdcNBmpimKJ2qJVkY=
0,15,R5B/4yFsZomH4ikZ5hr9vqSarak=,DZOPGLvBSQeWU8jKlCqxdVq0NI0=
1,15,R5B/4yFsZomH4ikZ5hr9vqSarak=,DZOPGLvBSQeWU8jKlCqxdVq0NI0=
1,14,R5B/4yFsZomH4ikZ5hr9vqSarak=,DZOPGLvBSQeWU8jKlCqxdVq0NI0=
0,14,R5B/4yFsZomH4ikZ5hr9vqSarak=,DZOPGLvBSQeWU8jKlCqxdVq0NI0=
0,1,R5B/4yFsZomH4ikZ5hr9vqSarak=,hoHB1MyIPTSZsJQXyad2Ps9Gg6c=
0,0,R5B/4yFsZomH4ikZ5hr9vqSarak=,hoHB1MyIPTSZsJQXyad2Ps9Gg6c=
1,1,R5B/4yFsZomH4ikZ5hr9vqSarak=,hoHB1MyIPTSZsJQXyad2Ps9Gg6c=
1,0,R5B/4yFsZomH4ikZ5hr9vqSarak=,hoHB1MyIPTSZsJQXyad2Ps9Gg6c=
8,15,R5B/4yFsZomH4ikZ5hr9vqSarak=,3a+5dFG+KlE/bvuDgd1n7q7Sv2o=
8,14,R5B/4yFsZomH4ikZ5hr9vqSarak=,3a+5dFG+KlE/bvuDgd1n7q7Sv2o=
2,14,R5B/4yFsZomH4ikZ5hr9vqSarak=,DZOPGLvBSQeWU8jKlCqxdVq0NI0=
3,15,R5B/4yFsZomH4ikZ5hr9vqSarak=,DZOPGLvBSQeWU8jKlCqxdVq0NI0=
9,15,R5B/4yFsZomH4ikZ5hr9vqSarak=,3a+5dFG+KlE/bvuDgd1n7q7Sv2o=
9,14,R5B/4yFsZomH4ikZ5hr9vqSarak=,3a+5dFG+KlE/bvuDgd1n7q7Sv2o=
7,15,R5B/4yFsZomH4ikZ5hr9vqSarak=,zTz/RTjs/iAuh3QUVBrLPEv4vZQ=
5,14,R5B/4yFsZomH4ikZ5hr9vqSarak=,zTz/RTjs/iAuh3QUVBrLPEv4vZQ=
6,14,R5B/4yFsZomH4ikZ5hr9vqSarak=,zTz/RTjs/iAuh3QUVBrLPEv4vZQ=
4,15,R5B/4yFsZomH4ikZ5hr9vqSarak=,zTz/RTjs/iAuh3QUVBrLPEv4vZQ=
7,14,R5B/4yFsZomH4ikZ5hr9vqSarak=,zTz/RTjs/iAuh3QUVBrLPEv4vZQ=
4,14,R5B/4yFsZomH4ikZ5hr9vqSarak=,zTz/RTjs/iAuh3QUVBrLPEv4vZQ=
3,14,R5B/4yFsZomH4ikZ5hr9vqSarak=,DZOPGLvBSQeWU8jKlCqxdVq0NI0=
6,15,R5B/4yFsZomH4ikZ5hr9vqSarak=,zTz/RTjs/iAuh3QUVBrLPEv4vZQ=
2,15,R5B/4yFsZomH4ikZ5hr9vqSarak=,DZOPGLvBSQeWU8jKlCqxdVq0NI0=
5,15,R5B/4yFsZomH4ikZ5hr9vqSarak=,zTz/RTjs/iAuh3QUVBrLPEv4vZQ=
12,29,/k6+j+vO7wvhzIR17IkHESMvY/4=,0hFSRicIw42HSvGuKJa2RAoX9js=
12,28,/k6+j+vO7wvhzIR17IkHESMvY/4=,0hFSRicIw42HSvGuKJa2RAoX9js=
11,29,/k6+j+vO7wvhzIR17IkHESMvY/4=,oRoogCZy9SGDkOm0b5qD5xo7eIU=
11,26,/k6+j+vO7wvhzIR17IkHESMvY/4=,iarFF41ujGdQxUsUUOY7eovVPUE=
11,28,/k6+j+vO7wvhzIR17IkHESMvY/4=,oRoogCZy9SGDkOm0b5qD5xo7eIU=
13,28,/k6+j+vO7wvhzIR17IkHESMvY/4=,0hFSRicIw42HSvGuKJa2RAoX9js=
10,26,/k6+j+vO7wvhzIR17IkHESMvY/4=,iarFF41ujGdQxUsUUOY7eovVPUE=
13,29,/k6+j+vO7wvhzIR17IkHESMvY/4=,0hFSRicIw42HSvGuKJa2RAoX9js=
13,26,/k6+j+vO7wvhzIR17IkHESMvY/4=,9FEww5BT5mCOXNV0juwi1uxkKYI=
12,27,/k6+j+vO7wvhzIR17IkHESMvY/4=,9FEww5BT5mCOXNV0juwi1uxkKYI=
10,28,/k6+j+vO7wvhzIR17IkHESMvY/4=,oRoogCZy9SGDkOm0b5qD5xo7eIU=
13,27,/k6+j+vO7wvhzIR17IkHESMvY/4=,9FEww5BT5mCOXNV0juwi1uxkKYI=
11,27,/k6+j+vO7wvhzIR17IkHESMvY/4=,iarFF41ujGdQxUsUUOY7eovVPUE=
10,29,/k6+j+vO7wvhzIR17IkHESMvY/4=,oRoogCZy9SGDkOm0b5qD5xo7eIU=
12,26,/k6+j+vO7wvhzIR17IkHESMvY/4=,9FEww5BT5mCOXNV0juwi1uxkKYI=
10,27,/k6+j+vO7wvhzIR17IkHESMvY/4=,iarFF41ujGdQxUsUUOY7eovVPUE=
11,25,2hAA8D1EfSisPE9jR2GXdrqT2vw=,iarFF41ujGdQxUsUUOY7eovVPUE=
10,23,2hAA8D1EfSisPE9jR2GXdrqT2vw=,xjw7JPA6H+8iHjU+KPbWUcqALvI=
13,25,2hAA8D1EfSisPE9jR2GXdrqT2vw=,9FEww5BT5mCOXNV0juwi1uxkKYI=
10,22,4ajhPNkRpMVERFrQIFTYRLF6ACg=,xjw7JPA6H+8iHjU+KPbWUcqALvI=
11,22,4ajhPNkRpMVERFrQIFTYRLF6ACg=,xjw7JPA6H+8iHjU+KPbWUcqALvI=
10,25,4ajhPNkRpMVERFrQIFTYRLF6ACg=,iarFF41ujGdQxUsUUOY7eovVPUE=
13,24,4ajhPNkRpMVERFrQIFTYRLF6ACg=,9FEww5BT5mCOXNV0juwi1uxkKYI=
13,23,4ajhPNkRpMVERFrQIFTYRLF6ACg=,QiWjqCuv+ZCahGvjAYJK5nXLars=
10,24,4ajhPNkRpMVERFrQIFTYRLF6ACg=,iarFF41ujGdQxUsUUOY7eovVPUE=
12,22,4ajhPNkRpMVERFrQIFTYRLF6ACg=,QiWjqCuv+ZCahGvjAYJK5nXLars=
12,25,4ajhPNkRpMVERFrQIFTYRLF6ACg=,9FEww5BT5mCOXNV0juwi1uxkKYI=
13,22,4ajhPNkRpMVERFrQIFTYRLF6ACg=,QiWjqCuv+ZCahGvjAYJK5nXLars=
11,23,4ajhPNkRpMVERFrQIFTYRLF6ACg=,xjw7JPA6H+8iHjU+KPbWUcqALvI=
12,24,4ajhPNkRpMVERFrQIFTYRLF6ACg=,9FEww5BT5mCOXNV0juwi1uxkKYI=
11,24,4ajhPNkRpMVERFrQIFTYRLF6ACg=,iarFF41ujGdQxUsUUOY7eovVPUE=
12,23,4ajhPNkRpMVERFrQIFTYRLF6ACg=,QiWjqCuv+ZCahGvjAYJK5nXLars=
6,23,4ajhPNkRpMVERFrQIFTYRLF6ACg=,/3OX0QHjJXzdI42Kr1oloQp5e10=
8,23,4ajhPNkRpMVERFrQIFTYRLF6ACg=,xjw7JPA6H+8iHjU+KPbWUcqALvI=
7,23,4ajhPNkRpMVERFrQIFTYRLF6ACg=,/3OX0QHjJXzdI42Kr1oloQp5e10=
8,22,4ajhPNkRpMVERFrQIFTYRLF6ACg=,xjw7JPA6H+8iHjU+KPbWUcqALvI=
9,25,4ajhPNkRpMVERFrQIFTYRLF6ACg=,iarFF41ujGdQxUsUUOY7eovVPUE=
6,25,4ajhPNkRpMVERFrQIFTYRLF6ACg=,nyoCfd61B7PmDgeIABFAT6Q4vZU=
7,25,4ajhPNkRpMVERFrQIFTYRLF6ACg=,nyoCfd61B7PmDgeIABFAT6Q4vZU=
6,22,4ajhPNkRpMVERFrQIFTYRLF6ACg=,/3OX0QHjJXzdI42Kr1oloQp5e10=
8,25,4ajhPNkRpMVERFrQIFTYRLF6ACg=,iarFF41ujGdQxUsUUOY7eovVPUE=
9,22,4ajhPNkRpMVERFrQIFTYRLF6ACg=,xjw7JPA6H+8iHjU+KPbWUcqALvI=
8,24,4ajhPNkRpMVERFrQIFTYRLF6ACg=,iarFF41ujGdQxUsUUOY7eovVPUE=
9,24,4ajhPNkRpMVERFrQIFTYRLF6ACg=,iarFF41ujGdQxUsUUOY7eovVPUE=
9,23,4ajhPNkRpMVERFrQIFTYRLF6ACg=,xjw7JPA6H+8iHjU+KPbWUcqALvI=
7,24,4ajhPNkRpMVERFrQIFTYRLF6ACg=,nyoCfd61B7PmDgeIABFAT6Q4vZU=
6,24,4ajhPNkRpMVERFrQIFTYRLF6ACg=,nyoCfd61B7PmDgeIABFAT6Q4vZU=
7,22,4ajhPNkRpMVERFrQIFTYRLF6ACg=,/3OX0QHjJXzdI42Kr1oloQp5e10=
9,18,3ru3TcYSi3GVZQ5tmaAbkjjeQN0=,ZHo3tYHjzGiUdnosQdGvTkX+Zlg=
8,18,3ru3TcYSi3GVZQ5tmaAbkjjeQN0=,ZHo3tYHjzGiUdnosQdGvTkX+Zlg=
7,20,3ru3TcYSi3GVZQ5tmaAbkjjeQN0=,/3OX0QHjJXzdI42Kr1oloQp5e10=
8,19,3ru3TcYSi3GVZQ5tmaAbkjjeQN0=,ZHo3tYHjzGiUdnosQdGvTkX+Zlg=
9,19,3ru3TcYSi3GVZQ5tmaAbkjjeQN0=,ZHo3tYHjzGiUdnosQdGvTkX+Zlg=
8,21,3ru3TcYSi3GVZQ5tmaAbkjjeQN0=,xjw7JPA6H+8iHjU+KPbWUcqALvI=
9,21,3ru3TcYSi3GVZQ5tmaAbkjjeQN0=,xjw7JPA6H+8iHjU+KPbWUcqALvI=
7,18,3ru3TcYSi3GVZQ5tmaAbkjjeQN0=,sBHXnDuBWHfRWZaZgRVxT/tY5vg=
6,21,3ru3TcYSi3GVZQ5tmaAbkjjeQN0=,/3OX0QHjJXzdI42Kr1oloQp5e10=
6,19,3ru3TcYSi3GVZQ5tmaAbkjjeQN0=,sBHXnDuBWHfRWZaZgRVxT/tY5vg=
6,18,3ru3TcYSi3GVZQ5tmaAbkjjeQN0=,sBHXnDuBWHfRWZaZgRVxT/tY5vg=
9,20,3ru3TcYSi3GVZQ5tmaAbkjjeQN0=,xjw7JPA6H+8iHjU+KPbWUcqALvI=
7,21,3ru3TcYSi3GVZQ5tmaAbkjjeQN0=,/3OX0QHjJXzdI42Kr1oloQp5e10=
7,19,3ru3TcYSi3GVZQ5tmaAbkjjeQN0=,sBHXnDuBWHfRWZaZgRVxT/tY5vg=
6,20,3ru3TcYSi3GVZQ5tmaAbkjjeQN0=,/3OX0QHjJXzdI42Kr1oloQp5e10=
8,20,3ru3TcYSi3GVZQ5tmaAbkjjeQN0=,xjw7JPA6H+8iHjU+KPbWUcqALvI=
8,30,Fv7p6tRiR0eU6lmqd7BbUvNbACo=,oRoogCZy9SGDkOm0b5qD5xo7eIU=
7,30,Fv7p6tRiR0eU6lmqd7BbUvNbACo=,/PodF+3aOSKNfmEN0Uh/buo3C3w=
8,29,Fv7p6tRiR0eU6lmqd7BbUvNbACo=,oRoogCZy9SGDkOm0b5qD5xo7eIU=
5,30,Fv7p6tRiR0eU6lmqd7BbUvNbACo=,/PodF+3aOSKNfmEN0Uh/buo3C3w=
7,29,Fv7p6tRiR0eU6lmqd7BbUvNbACo=,/PodF+3aOSKNfmEN0Uh/buo3C3w=
8,28,Fv7p6tRiR0eU6lmqd7BbUvNbACo=,oRoogCZy9SGDkOm0b5qD5xo7eIU=
7,27,Fv7p6tRiR0eU6lmqd7BbUvNbACo=,nyoCfd61B7PmDgeIABFAT6Q4vZU=
6,27,Fv7p6tRiR0eU6lmqd7BbUvNbACo=,nyoCfd61B7PmDgeIABFAT6Q4vZU=
8,26,Fv7p6tRiR0eU6lmqd7BbUvNbACo=,iarFF41ujGdQxUsUUOY7eovVPUE=
8,27,Fv7p6tRiR0eU6lmqd7BbUvNbACo=,iarFF41ujGdQxUsUUOY7eovVPUE=
7,28,Fv7p6tRiR0eU6lmqd7BbUvNbACo=,/PodF+3aOSKNfmEN0Uh/buo3C3w=
6,29,Fv7p6tRiR0eU6lmqd7BbUvNbACo=,/PodF+3aOSKNfmEN0Uh/buo3C3w=
6,26,Fv7p6tRiR0eU6lmqd7BbUvNbACo=,nyoCfd61B7PmDgeIABFAT6Q4vZU=
6,28,Fv7p6tRiR0eU6lmqd7BbUvNbACo=,/PodF+3aOSKNfmEN0Uh/buo3C3w=
7,26,Fv7p6tRiR0eU6lmqd7BbUvNbACo=,nyoCfd61B7PmDgeIABFAT6Q4vZU=
9,28,Fv7p6tRiR0eU6lmqd7BbUvNbACo=,oRoogCZy9SGDkOm0b5qD5xo7eIU=
9,27,Fv7p6tRiR0eU6lmqd7BbUvNbACo=,iarFF41ujGdQxUsUUOY7eovVPUE=
9,26,Fv7p6tRiR0eU6lmqd7BbUvNbACo=,iarFF41ujGdQxUsUUOY7eovVPUE=
9,29,Fv7p6tRiR0eU6lmqd7BbUvNbACo=,oRoogCZy9SGDkOm0b5qD5xo7eIU=
4,18,Fv7p6tRiR0eU6lmqd7BbUvNbACo=,sBHXnDuBWHfRWZaZgRVxT/tY5vg=
2,18,Fv7p6tRiR0eU6lmqd7BbUvNbACo=,gLZQjxINYQEGW/UTv5jaZItNQWM=
2,20,Fv7p6tRiR0eU6lmqd7BbUvNbACo=,WvOSdOp0F3r5Kqixd+cdQMTKunM=
3,19,Fv7p6tRiR0eU6lmqd7BbUvNbACo=,gLZQjxINYQEGW/UTv5jaZItNQWM=
3,18,Fv7p6tRiR0eU6lmqd7BbUvNbACo=,gLZQjxINYQEGW/UTv5jaZItNQWM=
4,19,Fv7p6tRiR0eU6lmqd7BbUvNbACo=,sBHXnDuBWHfRWZaZgRVxT/tY5vg=
3,20,Fv7p6tRiR0eU6lmqd7BbUvNbACo=,WvOSdOp0F3r5Kqixd+cdQMTKunM=
5,21,Fv7p6tRiR0eU6lmqd7BbUvNbACo=,/3OX0QHjJXzdI42Kr1oloQp5e10=
2,19,Fv7p6tRiR0eU6lmqd7BbUvNbACo=,gLZQjxINYQEGW/UTv5jaZItNQWM=
5,18,Fv7p6tRiR0eU6lmqd7BbUvNbACo=,sBHXnDuBWHfRWZaZgRVxT/tY5vg=
5,19,Fv7p6tRiR0eU6lmqd7BbUvNbACo=,sBHXnDuBWHfRWZaZgRVxT/tY5vg=
4,20,Fv7p6tRiR0eU6lmqd7BbUvNbACo=,/3OX0QHjJXzdI42Kr1oloQp5e10=
3,21,Fv7p6tRiR0eU6lmqd7BbUvNbACo=,WvOSdOp0F3r5Kqixd+cdQMTKunM=
4,21,Fv7p6tRiR0eU6lmqd7BbUvNbACo=,/3OX0QHjJXzdI42Kr1oloQp5e10=
5,20,Fv7p6tRiR0eU6lmqd7BbUvNbACo=,/3OX0QHjJXzdI42Kr1oloQp5e10=
2,21,Fv7p6tRiR0eU6lmqd7BbUvNbACo=,WvOSdOp0F3r5Kqixd+cdQMTKunM=
4,29,Fv7p6tRiR0eU6lmqd7BbUvNbACo=,/PodF+3aOSKNfmEN0Uh/buo3C3w=
3,29,Fv7p6tRiR0eU6lmqd7BbUvNbACo=,RCVrbQx9+7RzY4Ph6YtlRm6uwys=
3,30,Fv7p6tRiR0eU6lmqd7BbUvNbACo=,RCVrbQx9+7RzY4Ph6YtlRm6uwys=
4,30,Fv7p6tRiR0eU6lmqd7BbUvNbACo=,/PodF+3aOSKNfmEN0Uh/buo3C3w=
4,28,Fv7p6tRiR0eU6lmqd7BbUvNbACo=,/PodF+3aOSKNfmEN0Uh/buo3C3w=
5,29,Fv7p6tRiR0eU6lmqd7BbUvNbACo=,/PodF+3aOSKNfmEN0Uh/buo3C3w=
5,28,Fv7p6tRiR0eU6lmqd7BbUvNbACo=,/PodF+3aOSKNfmEN0Uh/buo3C3w=
4,27,Fv7p6tRiR0eU6lmqd7BbUvNbACo=,nyoCfd61B7PmDgeIABFAT6Q4vZU=
2,27,Fv7p6tRiR0eU6lmqd7BbUvNbACo=,biN3L3nqWEiDWINw6HFq0pWodaM=
2,28,Fv7p6tRiR0eU6lmqd7BbUvNbACo=,RCVrbQx9+7RzY4Ph6YtlRm6uwys=
4,23,Fv7p6tRiR0eU6lmqd7BbUvNbACo=,/3OX0QHjJXzdI42Kr1oloQp5e10=
2,26,Fv7p6tRiR0eU6lmqd7BbUvNbACo=,biN3L3nqWEiDWINw6HFq0pWodaM=
3,28,Fv7p6tRiR0eU6lmqd7BbUvNbACo=,RCVrbQx9+7RzY4Ph6YtlRm6uwys=
4,26,Fv7p6tRiR0eU6lmqd7BbUvNbACo=,nyoCfd61B7PmDgeIABFAT6Q4vZU=
2,29,Fv7p6tRiR0eU6lmqd7BbUvNbACo=,RCVrbQx9+7RzY4Ph6YtlRm6uwys=
5,26,Fv7p6tRiR0eU6lmqd7BbUvNbACo=,nyoCfd61B7PmDgeIABFAT6Q4vZU=
5,25,Fv7p6tRiR0eU6lmqd7BbUvNbACo=,nyoCfd61B7PmDgeIABFAT6Q4vZU=
5,23,Fv7p6tRiR0eU6lmqd7BbUvNbACo=,/3OX0QHjJXzdI42Kr1oloQp5e10=
5,22,XfeLG6aERR5GPlFOloA/37w2g5s=,/3OX0QHjJXzdI42Kr1oloQp5e10=
5,24,XfeLG6aERR5GPlFOloA/37w2g5s=,nyoCfd61B7PmDgeIABFAT6Q4vZU=
3,22,XfeLG6aERR5GPlFOloA/37w2g5s=,WvOSdOp0F3r5Kqixd+cdQMTKunM=
5,27,XfeLG6aERR5GPlFOloA/37w2g5s=,nyoCfd61B7PmDgeIABFAT6Q4vZU=
3,23,XfeLG6aERR5GPlFOloA/37w2g5s=,WvOSdOp0F3r5Kqixd+cdQMTKunM=
4,22,XfeLG6aERR5GPlFOloA/37w2g5s=,/3OX0QHjJXzdI42Kr1oloQp5e10=
2,22,XfeLG6aERR5GPlFOloA/37w2g5s=,WvOSdOp0F3r5Kqixd+cdQMTKunM=
3,26,XfeLG6aERR5GPlFOloA/37w2g5s=,biN3L3nqWEiDWINw6HFq0pWodaM=
4,25,XfeLG6aERR5GPlFOloA/37w2g5s=,nyoCfd61B7PmDgeIABFAT6Q4vZU=
3,27,XfeLG6aERR5GPlFOloA/37w2g5s=,biN3L3nqWEiDWINw6HFq0pWodaM=
2,23,XfeLG6aERR5GPlFOloA/37w2g5s=,WvOSdOp0F3r5Kqixd+cdQMTKunM=
3,24,XfeLG6aERR5GPlFOloA/37w2g5s=,biN3L3nqWEiDWINw6HFq0pWodaM=
4,24,XfeLG6aERR5GPlFOloA/37w2g5s=,nyoCfd61B7PmDgeIABFAT6Q4vZU=
3,25,XfeLG6aERR5GPlFOloA/37w2g5s=,biN3L3nqWEiDWINw6HFq0pWodaM=
2,24,XfeLG6aERR5GPlFOloA/37w2g5s=,biN3L3nqWEiDWINw6HFq0pWodaM=
2,25,XfeLG6aERR5GPlFOloA/37w2g5s=,biN3L3nqWEiDWINw6HFq0pWodaM=
2,30,XfeLG6aERR5GPlFOloA/37w2g5s=,RCVrbQx9+7RzY4Ph6YtlRm6uwys=
3,31,XfeLG6aERR5GPlFOloA/37w2g5s=,RCVrbQx9+7RzY4Ph6YtlRm6uwys=
2,31,XfeLG6aERR5GPlFOloA/37w2g5s=,RCVrbQx9+7RzY4Ph6YtlRm6uwys=
4,31,XfeLG6aERR5GPlFOloA/37w2g5s=,/PodF+3aOSKNfmEN0Uh/buo3C3w=
5,31,XfeLG6aERR5GPlFOloA/37w2g5s=,/PodF+3aOSKNfmEN0Uh/buo3C3w=
0,27,XfeLG6aERR5GPlFOloA/37w2g5s=,biN3L3nqWEiDWINw6HFq0pWodaM=
0,28,XfeLG6aERR5GPlFOloA/37w2g5s=,RCVrbQx9+7RzY4Ph6YtlRm6uwys=
1,27,XfeLG6aERR5GPlFOloA/37w2g5s=,biN3L3nqWEiDWINw6HFq0pWodaM=
0,25,XfeLG6aERR5GPlFOloA/37w2g5s=,biN3L3nqWEiDWINw6HFq0pWodaM=
0,29,XfeLG6aERR5GPlFOloA/37w2g5s=,RCVrbQx9+7RzY4Ph6YtlRm6uwys=
1,24,XfeLG6aERR5GPlFOloA/37w2g5s=,biN3L3nqWEiDWINw6HFq0pWodaM=
1,28,XfeLG6aERR5GPlFOloA/37w2g5s=,RCVrbQx9+7RzY4Ph6YtlRm6uwys=
1,26,XfeLG6aERR5GPlFOloA/37w2g5s=,biN3L3nqWEiDWINw6HFq0pWodaM=
1,25,XfeLG6aERR5GPlFOloA/37w2g5s=,biN3L3nqWEiDWINw6HFq0pWodaM=
0,26,XfeLG6aERR5GPlFOloA/37w2g5s=,biN3L3nqWEiDWINw6HFq0pWodaM=
1,29,XfeLG6aERR5GPlFOloA/37w2g5s=,RCVrbQx9+7RzY4Ph6YtlRm6uwys=
1,21,XfeLG6aERR5GPlFOloA/37w2g5s=,WvOSdOp0F3r5Kqixd+cdQMTKunM=
0,22,XfeLG6aERR5GPlFOloA/37w2g5s=,WvOSdOp0F3r5Kqixd+cdQMTKunM=
0,23,XfeLG6aERR5GPlFOloA/37w2g5s=,WvOSdOp0F3r5Kqixd+cdQMTKunM=
1,22,XfeLG6aERR5GPlFOloA/37w2g5s=,WvOSdOp0F3r5Kqixd+cdQMTKunM=
1,19,XfeLG6aERR5GPlFOloA/37w2g5s=,gLZQjxINYQEGW/UTv5jaZItNQWM=
0,19,XfeLG6aERR5GPlFOloA/37w2g5s=,gLZQjxINYQEGW/UTv5jaZItNQWM=
0,24,XfeLG6aERR5GPlFOloA/37w2g5s=,biN3L3nqWEiDWINw6HFq0pWodaM=
0,20,XfeLG6aERR5GPlFOloA/37w2g5s=,WvOSdOp0F3r5Kqixd+cdQMTKunM=
0,21,XfeLG6aERR5GPlFOloA/37w2g5s=,WvOSdOp0F3r5Kqixd+cdQMTKunM=
1,20,XfeLG6aERR5GPlFOloA/37w2g5s=,WvOSdOp0F3r5Kqixd+cdQMTKunM=
0,18,XfeLG6aERR5GPlFOloA/37w2g5s=,gLZQjxINYQEGW/UTv5jaZItNQWM=
1,18,XfeLG6aERR5GPlFOloA/37w2g5s=,gLZQjxINYQEGW/UTv5jaZItNQWM=
1,23,XfeLG6aERR5GPlFOloA/37w2g5s=,WvOSdOp0F3r5Kqixd+cdQMTKunM=
2,16,XfeLG6aERR5GPlFOloA/37w2g5s=,gLZQjxINYQEGW/UTv5jaZItNQWM=
5,16,XfeLG6aERR5GPlFOloA/37w2g5s=,sBHXnDuBWHfRWZaZgRVxT/tY5vg=
4,16,XfeLG6aERR5GPlFOloA/37w2g5s=,sBHXnDuBWHfRWZaZgRVxT/tY5vg=
5,17,qpAYv12ZSiggZgtIWpAUTienOIU=,sBHXnDuBWHfRWZaZgRVxT/tY5vg=
3,17,qpAYv12ZSiggZgtIWpAUTienOIU=,gLZQjxINYQEGW/UTv5jaZItNQWM=
3,16,qpAYv12ZSiggZgtIWpAUTienOIU=,gLZQjxINYQEGW/UTv5jaZItNQWM=
2,17,qpAYv12ZSiggZgtIWpAUTienOIU=,gLZQjxINYQEGW/UTv5jaZItNQWM=
4,17,qpAYv12ZSiggZgtIWpAUTienOIU=,sBHXnDuBWHfRWZaZgRVxT/tY5vg=
7,16,qpAYv12ZSiggZgtIWpAUTienOIU=,sBHXnDuBWHfRWZaZgRVxT/tY5vg=
8,17,qpAYv12ZSiggZgtIWpAUTienOIU=,ZHo3tYHjzGiUdnosQdGvTkX+Zlg=
9,16,qpAYv12ZSiggZgtIWpAUTienOIU=,ZHo3tYHjzGiUdnosQdGvTkX+Zlg=
6,17,qpAYv12ZSiggZgtIWpAUTienOIU=,sBHXnDuBWHfRWZaZgRVxT/tY5vg=
9,17,qpAYv12ZSiggZgtIWpAUTienOIU=,ZHo3tYHjzGiUdnosQdGvTkX+Zlg=
8,16,qpAYv12ZSiggZgtIWpAUTienOIU=,ZHo3tYHjzGiUdnosQdGvTkX+Zlg=
6,16,qpAYv12ZSiggZgtIWpAUTienOIU=,sBHXnDuBWHfRWZaZgRVxT/tY5vg=
7,17,qpAYv12ZSiggZgtIWpAUTienOIU=,sBHXnDuBWHfRWZaZgRVxT/tY5vg=
15,26,qpAYv12ZSiggZgtIWpAUTienOIU=,9FEww5BT5mCOXNV0juwi1uxkKYI=
15,25,qpAYv12ZSiggZgtIWpAUTienOIU=,9FEww5BT5mCOXNV0juwi1uxkKYI=
15,27,qpAYv12ZSiggZgtIWpAUTienOIU=,9FEww5BT5mCOXNV0juwi1uxkKYI=
15,28,qpAYv12ZSiggZgtIWpAUTienOIU=,0hFSRicIw42HSvGuKJa2RAoX9js=
14,27,qpAYv12ZSiggZgtIWpAUTienOIU=,9FEww5BT5mCOXNV0juwi1uxkKYI=
14,29,qpAYv12ZSiggZgtIWpAUTienOIU=,0hFSRicIw42HSvGuKJa2RAoX9js=
14,26,qpAYv12ZSiggZgtIWpAUTienOIU=,9FEww5BT5mCOXNV0juwi1uxkKYI=
15,29,qpAYv12ZSiggZgtIWpAUTienOIU=,0hFSRicIw42HSvGuKJa2RAoX9js=
14,28,qpAYv12ZSiggZgtIWpAUTienOIU=,0hFSRicIw42HSvGuKJa2RAoX9js=
15,22,qpAYv12ZSiggZgtIWpAUTienOIU=,QiWjqCuv+ZCahGvjAYJK5nXLars=
15,23,qpAYv12ZSiggZgtIWpAUTienOIU=,QiWjqCuv+ZCahGvjAYJK5nXLars=
14,25,qpAYv12ZSiggZgtIWpAUTienOIU=,9FEww5BT5mCOXNV0juwi1uxkKYI=
15,24,qpAYv12ZSiggZgtIWpAUTienOIU=,9FEww5BT5mCOXNV0juwi1uxkKYI=
14,22,qpAYv12ZSiggZgtIWpAUTienOIU=,QiWjqCuv+ZCahGvjAYJK5nXLars=
14,24,qpAYv12ZSiggZgtIWpAUTienOIU=,9FEww5BT5mCOXNV0juwi1uxkKYI=
14,23,qpAYv12ZSiggZgtIWpAUTienOIU=,QiWjqCuv+ZCahGvjAYJK5nXLars=
10,21,KQm82BY3zV1nWfh6/KptfE+xGpQ=,xjw7JPA6H+8iHjU+KPbWUcqALvI=
11,20,KQm82BY3zV1nWfh6/KptfE+xGpQ=,xjw7JPA6H+8iHjU+KPbWUcqALvI=
12,20,KQm82BY3zV1nWfh6/KptfE+xGpQ=,QiWjqCuv+ZCahGvjAYJK5nXLars=
10,20,KQm82BY3zV1nWfh6/KptfE+xGpQ=,xjw7JPA6H+8iHjU+KPbWUcqALvI=
11,21,KQm82BY3zV1nWfh6/KptfE+xGpQ=,xjw7JPA6H+8iHjU+KPbWUcqALvI=
10,19,KQm82BY3zV1nWfh6/KptfE+xGpQ=,ZHo3tYHjzGiUdnosQdGvTkX+Zlg=
13,20,KQm82BY3zV1nWfh6/KptfE+xGpQ=,QiWjqCuv+ZCahGvjAYJK5nXLars=
14,19,KQm82BY3zV1nWfh6/KptfE+xGpQ=,4KUvCbE3/3SFKGq/gH3N4c1buqY=
10,17,KQm82BY3zV1nWfh6/KptfE+xGpQ=,ZHo3tYHjzGiUdnosQdGvTkX+Zlg=
10,18,KQm82BY3zV1nWfh6/KptfE+xGpQ=,ZHo3tYHjzGiUdnosQdGvTkX+Zlg=
14,20,KQm82BY3zV1nWfh6/KptfE+xGpQ=,QiWjqCuv+ZCahGvjAYJK5nXLars=
13,19,KQm82BY3zV1nWfh6/KptfE+xGpQ=,4KUvCbE3/3SFKGq/gH3N4c1buqY=
12,19,KQm82BY3zV1nWfh6/KptfE+xGpQ=,4KUvCbE3/3SFKGq/gH3N4c1buqY=
15,19,KQm82BY3zV1nWfh6/KptfE+xGpQ=,4KUvCbE3/3SFKGq/gH3N4c1buqY=
11,18,KQm82BY3zV1nWfh6/KptfE+xGpQ=,ZHo3tYHjzGiUdnosQdGvTkX+Zlg=
15,20,KQm82BY3zV1nWfh6/KptfE+xGpQ=,QiWjqCuv+ZCahGvjAYJK5nXLars=
13,17,KQm82BY3zV1nWfh6/KptfE+xGpQ=,4KUvCbE3/3SFKGq/gH3N4c1buqY=
12,17,KQm82BY3zV1nWfh6/KptfE+xGpQ=,4KUvCbE3/3SFKGq/gH3N4c1buqY=
15,21,KQm82BY3zV1nWfh6/KptfE+xGpQ=,QiWjqCuv+ZCahGvjAYJK5nXLars=
14,16,KQm82BY3zV1nWfh6/KptfE+xGpQ=,4KUvCbE3/3SFKGq/gH3N4c1buqY=
15,16,KQm82BY3zV1nWfh6/KptfE+xGpQ=,4KUvCbE3/3SFKGq/gH3N4c1buqY=
11,19,KQm82BY3zV1nWfh6/KptfE+xGpQ=,ZHo3tYHjzGiUdnosQdGvTkX+Zlg=
13,16,KQm82BY3zV1nWfh6/KptfE+xGpQ=,4KUvCbE3/3SFKGq/gH3N4c1buqY=
10,16,KQm82BY3zV1nWfh6/KptfE+xGpQ=,ZHo3tYHjzGiUdnosQdGvTkX+Zlg=
11,17,KQm82BY3zV1nWfh6/KptfE+xGpQ=,ZHo3tYHjzGiUdnosQdGvTkX+Zlg=
12,21,KQm82BY3zV1nWfh6/KptfE+xGpQ=,QiWjqCuv+ZCahGvjAYJK5nXLars=
12,16,KQm82BY3zV1nWfh6/KptfE+xGpQ=,4KUvCbE3/3SFKGq/gH3N4c1buqY=
14,21,KQm82BY3zV1nWfh6/KptfE+xGpQ=,QiWjqCuv+ZCahGvjAYJK5nXLars=
13,18,KQm82BY3zV1nWfh6/KptfE+xGpQ=,4KUvCbE3/3SFKGq/gH3N4c1buqY=
15,18,KQm82BY3zV1nWfh6/KptfE+xGpQ=,4KUvCbE3/3SFKGq/gH3N4c1buqY=
14,18,KQm82BY3zV1nWfh6/KptfE+xGpQ=,4KUvCbE3/3SFKGq/gH3N4c1buqY=
12,18,NIRFULuj9cXbnacFHGInWFjLpb8=,4KUvCbE3/3SFKGq/gH3N4c1buqY=
14,17,NIRFULuj9cXbnacFHGInWFjLpb8=,4KUvCbE3/3SFKGq/gH3N4c1buqY=
13,21,NIRFULuj9cXbnacFHGInWFjLpb8=,QiWjqCuv+ZCahGvjAYJK5nXLars=
11,16,NIRFULuj9cXbnacFHGInWFjLpb8=,ZHo3tYHjzGiUdnosQdGvTkX+Zlg=
15,17,NIRFULuj9cXbnacFHGInWFjLpb8=,4KUvCbE3/3SFKGq/gH3N4c1buqY=
15,31,NIRFULuj9cXbnacFHGInWFjLpb8=,0hFSRicIw42HSvGuKJa2RAoX9js=
15,30,NIRFULuj9cXbnacFHGInWFjLpb8=,0hFSRicIw42HSvGuKJa2RAoX9js=
14,30,NIRFULuj9cXbnacFHGInWFjLpb8=,0hFSRicIw42HSvGuKJa2RAoX9js=
14,31,NIRFULuj9cXbnacFHGInWFjLpb8=,0hFSRicIw42HSvGuKJa2RAoX9js=
1,31,NIRFULuj9cXbnacFHGInWFjLpb8=,RCVrbQx9+7RzY4Ph6YtlRm6uwys=
1,30,NIRFULuj9cXbnacFHGInWFjLpb8=,RCVrbQx9+7RzY4Ph6YtlRm6uwys=
0,30,NIRFULuj9cXbnacFHGInWFjLpb8=,RCVrbQx9+7RzY4Ph6YtlRm6uwys=
0,16,NIRFULuj9cXbnacFHGInWFjLpb8=,gLZQjxINYQEGW/UTv5jaZItNQWM=
0,31,NIRFULuj9cXbnacFHGInWFjLpb8=,RCVrbQx9+7RzY4Ph6YtlRm6uwys=
0,17,NIRFULuj9cXbnacFHGInWFjLpb8=,gLZQjxINYQEGW/UTv5jaZItNQWM=
1,17,NIRFULuj9cXbnacFHGInWFjLpb8=,gLZQjxINYQEGW/UTv5jaZItNQWM=
1,16,NIRFULuj9cXbnacFHGInWFjLpb8=,gLZQjxINYQEGW/UTv5jaZItNQWM=
7,31,NIRFULuj9cXbnacFHGInWFjLpb8=,/PodF+3aOSKNfmEN0Uh/buo3C3w=
13,31,NIRFULuj9cXbnacFHGInWFjLpb8=,0hFSRicIw42HSvGuKJa2RAoX9js=
12,30,NIRFULuj9cXbnacFHGInWFjLpb8=,0hFSRicIw42HSvGuKJa2RAoX9js=
12,31,NIRFULuj9cXbnacFHGInWFjLpb8=,0hFSRicIw42HSvGuKJa2RAoX9js=
13,30,NIRFULuj9cXbnacFHGInWFjLpb8=,0hFSRicIw42HSvGuKJa2RAoX9js=
9,30,NIRFULuj9cXbnacFHGInWFjLpb8=,oRoogCZy9SGDkOm0b5qD5xo7eIU=
6,30,NIRFULuj9cXbnacFHGInWFjLpb8=,/PodF+3aOSKNfmEN0Uh/buo3C3w=
11,31,NIRFULuj9cXbnacFHGInWFjLpb8=,oRoogCZy9SGDkOm0b5qD5xo7eIU=
11,30,NIRFULuj9cXbnacFHGInWFjLpb8=,oRoogCZy9SGDkOm0b5qD5xo7eIU=
6,31,NIRFULuj9cXbnacFHGInWFjLpb8=,/PodF+3aOSKNfmEN0Uh/buo3C3w=
8,31,NIRFULuj9cXbnacFHGInWFjLpb8=,oRoogCZy9SGDkOm0b5qD5xo7eIU=
10,30,NIRFULuj9cXbnacFHGInWFjLpb8=,oRoogCZy9SGDkOm0b5qD5xo7eIU=
9,31,NIRFULuj9cXbnacFHGInWFjLpb8=,oRoogCZy9SGDkOm0b5qD5xo7eIU=
10,31,NIRFULuj9cXbnacFHGInWFjLpb8=,oRoogCZy9SGDkOm0b5qD5xo7eIU=
25,25,e4/xepOHZmDptqmSgsePzIq92j8=,zclvdlfgCXeuWG28RwBvS2//SWA=
26,26,e4/xepOHZmDptqmSgsePzIq92j8=,zclvdlfgCXeuWG28RwBvS2//SWA=
25,26,e4/xepOHZmDptqmSgsePzIq92j8=,zclvdlfgCXeuWG28RwBvS2//SWA=
26,25,e4/xepOHZmDptqmSgsePzIq92j8=,zclvdlfgCXeuWG28RwBvS2//SWA=
22,21,bQpSe519qNA7WmBo+sjnPdL9+cs=,FQ97gGaj/mkMo4qnhT4ms/EryjA=
22,22,bQpSe519qNA7WmBo+sjnPdL9+cs=,FQ97gGaj/mkMo4qnhT4ms/EryjA=
21,22,bQpSe519qNA7WmBo+sjnPdL9+cs=,FQ97gGaj/mkMo4qnhT4ms/EryjA=
22,26,bQpSe519qNA7WmBo+sjnPdL9+cs=,M3bWZSgyQPb/xUEr0bheoULTkVE=
24,26,bQpSe519qNA7WmBo+sjnPdL9+cs=,zclvdlfgCXeuWG28RwBvS2//SWA=
21,26,bQpSe519qNA7WmBo+sjnPdL9+cs=,M3bWZSgyQPb/xUEr0bheoULTkVE=
23,25,bQpSe519qNA7WmBo+sjnPdL9+cs=,M3bWZSgyQPb/xUEr0bheoULTkVE=
22,25,bQpSe519qNA7WmBo+sjnPdL9+cs=,M3bWZSgyQPb/xUEr0bheoULTkVE=
24,25,bQpSe519qNA7WmBo+sjnPdL9+cs=,zclvdlfgCXeuWG28RwBvS2//SWA=
22,23,bQpSe519qNA7WmBo+sjnPdL9+cs=,FQ97gGaj/mkMo4qnhT4ms/EryjA=
22,24,bQpSe519qNA7WmBo+sjnPdL9+cs=,M3bWZSgyQPb/xUEr0bheoULTkVE=
23,26,bQpSe519qNA7WmBo+sjnPdL9+cs=,M3bWZSgyQPb/xUEr0bheoULTkVE=
22,30,bQpSe519qNA7WmBo+sjnPdL9+cs=,tVPcyLnbIyXr1vWyqUdBFC8TtPU=
21,30,bQpSe519qNA7WmBo+sjnPdL9+cs=,tVPcyLnbIyXr1vWyqUdBFC8TtPU=
22,29,bQpSe519qNA7WmBo+sjnPdL9+cs=,tVPcyLnbIyXr1vWyqUdBFC8TtPU=
21,29,bQpSe519qNA7WmBo+sjnPdL9+cs=,tVPcyLnbIyXr1vWyqUdBFC8TtPU=
22,28,bQpSe519qNA7WmBo+sjnPdL9+cs=,tVPcyLnbIyXr1vWyqUdBFC8TtPU=
21,28,bQpSe519qNA7WmBo+sjnPdL9+cs=,tVPcyLnbIyXr1vWyqUdBFC8TtPU=
22,27,bQpSe519qNA7WmBo+sjnPdL9+cs=,M3bWZSgyQPb/xUEr0bheoULTkVE=
21,27,bQpSe519qNA7WmBo+sjnPdL9+cs=,M3bWZSgyQPb/xUEr0bheoULTkVE=
24,22,bQpSe519qNA7WmBo+sjnPdL9+cs=,pareJL1pB5ZJ03F22ulHp+u0Ni0=
23,23,bQpSe519qNA7WmBo+sjnPdL9+cs=,FQ97gGaj/mkMo4qnhT4ms/EryjA=
23,22,bQpSe519qNA7WmBo+sjnPdL9+cs=,FQ97gGaj/mkMo4qnhT4ms/EryjA=
24,21,bQpSe519qNA7WmBo+sjnPdL9+cs=,pareJL1pB5ZJ03F22ulHp+u0Ni0=
26,24,bQpSe519qNA7WmBo+sjnPdL9+cs=,zclvdlfgCXeuWG28RwBvS2//SWA=
25,24,bQpSe519qNA7WmBo+sjnPdL9+cs=,zclvdlfgCXeuWG28RwBvS2//SWA=
24,24,bQpSe519qNA7WmBo+sjnPdL9+cs=,zclvdlfgCXeuWG28RwBvS2//SWA=
23,24,bQpSe519qNA7WmBo+sjnPdL9+cs=,M3bWZSgyQPb/xUEr0bheoULTkVE=
23,21,bQpSe519qNA7WmBo+sjnPdL9+cs=,FQ97gGaj/mkMo4qnhT4ms/EryjA=
26,23,bQpSe519qNA7WmBo+sjnPdL9+cs=,pareJL1pB5ZJ03F22ulHp+u0Ni0=
25,23,bQpSe519qNA7WmBo+sjnPdL9+cs=,pareJL1pB5ZJ03F22ulHp+u0Ni0=
24,23,bQpSe519qNA7WmBo+sjnPdL9+cs=,pareJL1pB5ZJ03F22ulHp+u0Ni0=
25,22,bQpSe519qNA7WmBo+sjnPdL9+cs=,pareJL1pB5ZJ03F22ulHp+u0Ni0=
27,25,bQpSe519qNA7WmBo+sjnPdL9+cs=,zclvdlfgCXeuWG28RwBvS2//SWA=
28,25,bQpSe519qNA7WmBo+sjnPdL9+cs=,zukglORudtUloq2FHdkn/QY030c=
26,22,bQpSe519qNA7WmBo+sjnPdL9+cs=,pareJL1pB5ZJ03F22ulHp+u0Ni0=
28,23,bQpSe519qNA7WmBo+sjnPdL9+cs=,J/IRoQSpPj74bVUqmpQ7tPQW/m8=
27,24,bQpSe519qNA7WmBo+sjnPdL9+cs=,zclvdlfgCXeuWG28RwBvS2//SWA=
28,24,bQpSe519qNA7WmBo+sjnPdL9+cs=,zukglORudtUloq2FHdkn/QY030c=
27,22,bQpSe519qNA7WmBo+sjnPdL9+cs=,pareJL1pB5ZJ03F22ulHp+u0Ni0=
27,23,bQpSe519qNA7WmBo+sjnPdL9+cs=,pareJL1pB5ZJ03F22ulHp+u0Ni0=
28,22,bQpSe519qNA7WmBo+sjnPdL9+cs=,J/IRoQSpPj74bVUqmpQ7tPQW/m8=
17,27,pISuqXanZEBmY9/JQryqHGJ4YSA=,+56ZgnR/615RJU+pxGayJXQQkp0=
18,29,pISuqXanZEBmY9/JQryqHGJ4YSA=,tCC2fzr0Inv1kJEMl/et3fW4eco=
17,29,pISuqXanZEBmY9/JQryqHGJ4YSA=,tCC2fzr0Inv1kJEMl/et3fW4eco=
18,28,pISuqXanZEBmY9/JQryqHGJ4YSA=,tCC2fzr0Inv1kJEMl/et3fW4eco=
17,28,pISuqXanZEBmY9/JQryqHGJ4YSA=,tCC2fzr0Inv1kJEMl/et3fW4eco=
20,26,pISuqXanZEBmY9/JQryqHGJ4YSA=,M3bWZSgyQPb/xUEr0bheoULTkVE=
18,27,pISuqXanZEBmY9/JQryqHGJ4YSA=,+56ZgnR/615RJU+pxGayJXQQkp0=
20,28,pISuqXanZEBmY9/JQryqHGJ4YSA=,tVPcyLnbIyXr1vWyqUdBFC8TtPU=
20,29,pISuqXanZEBmY9/JQryqHGJ4YSA=,tVPcyLnbIyXr1vWyqUdBFC8TtPU=
19,27,pISuqXanZEBmY9/JQryqHGJ4YSA=,+56ZgnR/615RJU+pxGayJXQQkp0=
20,27,pISuqXanZEBmY9/JQryqHGJ4YSA=,M3bWZSgyQPb/xUEr0bheoULTkVE=
18,26,pISuqXanZEBmY9/JQryqHGJ4YSA=,+56ZgnR/615RJU+pxGayJXQQkp0=
19,26,pISuqXanZEBmY9/JQryqHGJ4YSA=,+56ZgnR/615RJU+pxGayJXQQkp0=
19,28,pISuqXanZEBmY9/JQryqHGJ4YSA=,tCC2fzr0Inv1kJEMl/et3fW4eco=
19,29,pISuqXanZEBmY9/JQryqHGJ4YSA=,tCC2fzr0Inv1kJEMl/et3fW4eco=
25,17,pISuqXanZEBmY9/JQryqHGJ4YSA=,B37PQwID/jRIIiunTTDlyodJs2c=
28,18,pISuqXanZEBmY9/JQryqHGJ4YSA=,7WNkNIbCs670T2Ax6HKpxIE0OaE=
27,20,pISuqXanZEBmY9/JQryqHGJ4YSA=,pareJL1pB5ZJ03F22ulHp+u0Ni0=
26,21,pISuqXanZEBmY9/JQryqHGJ4YSA=,pareJL1pB5ZJ03F22ulHp+u0Ni0=
27,21,pISuqXanZEBmY9/JQryqHGJ4YSA=,pareJL1pB5ZJ03F22ulHp+u0Ni0=
28,21,pISuqXanZEBmY9/JQryqHGJ4YSA=,J/IRoQSpPj74bVUqmpQ7tPQW/m8=
28,19,pISuqXanZEBmY9/JQryqHGJ4YSA=,7WNkNIbCs670T2Ax6HKpxIE0OaE=
27,19,pISuqXanZEBmY9/JQryqHGJ4YSA=,B37PQwID/jRIIiunTTDlyodJs2c=
27,18,pISuqXanZEBmY9/JQryqHGJ4YSA=,B37PQwID/jRIIiunTTDlyodJs2c=
26,20,pISuqXanZEBmY9/JQryqHGJ4YSA=,pareJL1pB5ZJ03F22ulHp+u0Ni0=
26,18,pISuqXanZEBmY9/JQryqHGJ4YSA=,B37PQwID/jRIIiunTTDlyodJs2c=
28,20,pISuqXanZEBmY9/JQryqHGJ4YSA=,J/IRoQSpPj74bVUqmpQ7tPQW/m8=
26,19,pISuqXanZEBmY9/JQryqHGJ4YSA=,B37PQwID/jRIIiunTTDlyodJs2c=
23,20,pISuqXanZEBmY9/JQryqHGJ4YSA=,FQ97gGaj/mkMo4qnhT4ms/EryjA=
22,20,pISuqXanZEBmY9/JQryqHGJ4YSA=,FQ97gGaj/mkMo4qnhT4ms/EryjA=
21,20,pISuqXanZEBmY9/JQryqHGJ4YSA=,FQ97gGaj/mkMo4qnhT4ms/EryjA=
24,17,pISuqXanZEBmY9/JQryqHGJ4YSA=,B37PQwID/jRIIiunTTDlyodJs2c=
24,20,pISuqXanZEBmY9/JQryqHGJ4YSA=,pareJL1pB5ZJ03F22ulHp+u0Ni0=
22,19,pISuqXanZEBmY9/JQryqHGJ4YSA=,ujqpPoBpNUJ2w9q9/IMChKHP+fo=
25,20,pISuqXanZEBmY9/JQryqHGJ4YSA=,pareJL1pB5ZJ03F22ulHp+u0Ni0=
23,19,pISuqXanZEBmY9/JQryqHGJ4YSA=,ujqpPoBpNUJ2w9q9/IMChKHP+fo=
25,21,pISuqXanZEBmY9/JQryqHGJ4YSA=,pareJL1pB5ZJ03F22ulHp+u0Ni0=
24,18,pISuqXanZEBmY9/JQryqHGJ4YSA=,B37PQwID/jRIIiunTTDlyodJs2c=
22,18,pISuqXanZEBmY9/JQryqHGJ4YSA=,ujqpPoBpNUJ2w9q9/IMChKHP+fo=
25,19,pISuqXanZEBmY9/JQryqHGJ4YSA=,B37PQwID/jRIIiunTTDlyodJs2c=
25,18,pISuqXanZEBmY9/JQryqHGJ4YSA=,B37PQwID/jRIIiunTTDlyodJs2c=
24,19,pISuqXanZEBmY9/JQryqHGJ4YSA=,B37PQwID/jRIIiunTTDlyodJs2c=
23,18,pISuqXanZEBmY9/JQryqHGJ4YSA=,ujqpPoBpNUJ2w9q9/IMChKHP+fo=
18,23,pISuqXanZEBmY9/JQryqHGJ4YSA=,teQOR09qu83HdQWfu42bgJ2bL4M=
20,23,pISuqXanZEBmY9/JQryqHGJ4YSA=,FQ97gGaj/mkMo4qnhT4ms/EryjA=
19,23,pISuqXanZEBmY9/JQryqHGJ4YSA=,teQOR09qu83HdQWfu42bgJ2bL4M=
19,22,dcbmQOdjU5He+8rX1PPNiubWHoU=,teQOR09qu83HdQWfu42bgJ2bL4M=
21,23,dcbmQOdjU5He+8rX1PPNiubWHoU=,FQ97gGaj/mkMo4qnhT4ms/EryjA=
21,24,dcbmQOdjU5He+8rX1PPNiubWHoU=,M3bWZSgyQPb/xUEr0bheoULTkVE=
21,25,dcbmQOdjU5He+8rX1PPNiubWHoU=,M3bWZSgyQPb/xUEr0bheoULTkVE=
18,25,dcbmQOdjU5He+8rX1PPNiubWHoU=,+56ZgnR/615RJU+pxGayJXQQkp0=
19,25,dcbmQOdjU5He+8rX1PPNiubWHoU=,+56ZgnR/615RJU+pxGayJXQQkp0=
18,24,dcbmQOdjU5He+8rX1PPNiubWHoU=,+56ZgnR/615RJU+pxGayJXQQkp0=
19,24,dcbmQOdjU5He+8rX1PPNiubWHoU=,+56ZgnR/615RJU+pxGayJXQQkp0=
18,22,dcbmQOdjU5He+8rX1PPNiubWHoU=,teQOR09qu83HdQWfu42bgJ2bL4M=
20,22,dcbmQOdjU5He+8rX1PPNiubWHoU=,FQ97gGaj/mkMo4qnhT4ms/EryjA=
20,25,dcbmQOdjU5He+8rX1PPNiubWHoU=,M3bWZSgyQPb/xUEr0bheoULTkVE=
20,24,dcbmQOdjU5He+8rX1PPNiubWHoU=,M3bWZSgyQPb/xUEr0bheoULTkVE=
24,16,dcbmQOdjU5He+8rX1PPNiubWHoU=,B37PQwID/jRIIiunTTDlyodJs2c=
25,16,dcbmQOdjU5He+8rX1PPNiubWHoU=,B37PQwID/jRIIiunTTDlyodJs2c=
26,16,dcbmQOdjU5He+8rX1PPNiubWHoU=,B37PQwID/jRIIiunTTDlyodJs2c=
23,16,dcbmQOdjU5He+8rX1PPNiubWHoU=,ujqpPoBpNUJ2w9q9/IMChKHP+fo=
23,17,dcbmQOdjU5He+8rX1PPNiubWHoU=,ujqpPoBpNUJ2w9q9/IMChKHP+fo=
22,16,dcbmQOdjU5He+8rX1PPNiubWHoU=,ujqpPoBpNUJ2w9q9/IMChKHP+fo=
22,17,dcbmQOdjU5He+8rX1PPNiubWHoU=,ujqpPoBpNUJ2w9q9/IMChKHP+fo=
26,17,dcbmQOdjU5He+8rX1PPNiubWHoU=,B37PQwID/jRIIiunTTDlyodJs2c=
27,16,dcbmQOdjU5He+8rX1PPNiubWHoU=,B37PQwID/jRIIiunTTDlyodJs2c=
28,17,dcbmQOdjU5He+8rX1PPNiubWHoU=,7WNkNIbCs670T2Ax6HKpxIE0OaE=
28,16,dcbmQOdjU5He+8rX1PPNiubWHoU=,7WNkNIbCs670T2Ax6HKpxIE0OaE=
27,17,dcbmQOdjU5He+8rX1PPNiubWHoU=,B37PQwID/jRIIiunTTDlyodJs2c=
26,28,dcbmQOdjU5He+8rX1PPNiubWHoU=,IqAM7KDoswoFa6OHzI0PS5AeBLo=
25,28,dcbmQOdjU5He+8rX1PPNiubWHoU=,IqAM7KDoswoFa6OHzI0PS5AeBLo=
23,30,dcbmQOdjU5He+8rX1PPNiubWHoU=,tVPcyLnbIyXr1vWyqUdBFC8TtPU=
24,29,dcbmQOdjU5He+8rX1PPNiubWHoU=,IqAM7KDoswoFa6OHzI0PS5AeBLo=
25,29,dcbmQOdjU5He+8rX1PPNiubWHoU=,IqAM7KDoswoFa6OHzI0PS5AeBLo=
23,27,dcbmQOdjU5He+8rX1PPNiubWHoU=,M3bWZSgyQPb/xUEr0bheoULTkVE=
26,29,dcbmQOdjU5He+8rX1PPNiubWHoU=,IqAM7KDoswoFa6OHzI0PS5AeBLo=
24,30,dcbmQOdjU5He+8rX1PPNiubWHoU=,IqAM7KDoswoFa6OHzI0PS5AeBLo=
25,30,dcbmQOdjU5He+8rX1PPNiubWHoU=,IqAM7KDoswoFa6OHzI0PS5AeBLo=
26,30,dcbmQOdjU5He+8rX1PPNiubWHoU=,IqAM7KDoswoFa6OHzI0PS5AeBLo=
23,28,dcbmQOdjU5He+8rX1PPNiubWHoU=,tVPcyLnbIyXr1vWyqUdBFC8TtPU=
23,29,dcbmQOdjU5He+8rX1PPNiubWHoU=,tVPcyLnbIyXr1vWyqUdBFC8TtPU=
24,27,dcbmQOdjU5He+8rX1PPNiubWHoU=,zclvdlfgCXeuWG28RwBvS2//SWA=
25,27,dcbmQOdjU5He+8rX1PPNiubWHoU=,zclvdlfgCXeuWG28RwBvS2//SWA=
26,27,dcbmQOdjU5He+8rX1PPNiubWHoU=,zclvdlfgCXeuWG28RwBvS2//SWA=
24,28,dcbmQOdjU5He+8rX1PPNiubWHoU=,IqAM7KDoswoFa6OHzI0PS5AeBLo=
19,21,dcbmQOdjU5He+8rX1PPNiubWHoU=,teQOR09qu83HdQWfu42bgJ2bL4M=
18,21,dcbmQOdjU5He+8rX1PPNiubWHoU=,teQOR09qu83HdQWfu42bgJ2bL4M=
20,18,dcbmQOdjU5He+8rX1PPNiubWHoU=,ujqpPoBpNUJ2w9q9/IMChKHP+fo=
20,21,dcbmQOdjU5He+8rX1PPNiubWHoU=,FQ97gGaj/mkMo4qnhT4ms/EryjA=
21,21,dcbmQOdjU5He+8rX1PPNiubWHoU=,FQ97gGaj/mkMo4qnhT4ms/EryjA=
20,17,dcbmQOdjU5He+8rX1PPNiubWHoU=,ujqpPoBpNUJ2w9q9/IMChKHP+fo=
18,16,dcbmQOdjU5He+8rX1PPNiubWHoU=,YDV1Fi6rMYHycnBbi4xVOkKXTrk=
20,19,dcbmQOdjU5He+8rX1PPNiubWHoU=,ujqpPoBpNUJ2w9q9/IMChKHP+fo=
20,20,dcbmQOdjU5He+8rX1PPNiubWHoU=,FQ97gGaj/mkMo4qnhT4ms/EryjA=
21,16,dcbmQOdjU5He+8rX1PPNiubWHoU=,ujqpPoBpNUJ2w9q9/IMChKHP+fo=
21,18,dcbmQOdjU5He+8rX1PPNiubWHoU=,ujqpPoBpNUJ2w9q9/IMChKHP+fo=
21,19,xcYmF6fP37XJbXWnWLMq4JIw9K4=,ujqpPoBpNUJ2w9q9/IMChKHP+fo=
19,17,xcYmF6fP37XJbXWnWLMq4JIw9K4=,YDV1Fi6rMYHycnBbi4xVOkKXTrk=
18,20,xcYmF6fP37XJbXWnWLMq4JIw9K4=,teQOR09qu83HdQWfu42bgJ2bL4M=
19,16,xcYmF6fP37XJbXWnWLMq4JIw9K4=,YDV1Fi6rMYHycnBbi4xVOkKXTrk=
20,16,xcYmF6fP37XJbXWnWLMq4JIw9K4=,ujqpPoBpNUJ2w9q9/IMChKHP+fo=
19,20,xcYmF6fP37XJbXWnWLMq4JIw9K4=,teQOR09qu83HdQWfu42bgJ2bL4M=
21,17,xcYmF6fP37XJbXWnWLMq4JIw9K4=,ujqpPoBpNUJ2w9q9/IMChKHP+fo=
18,17,xcYmF6fP37XJbXWnWLMq4JIw9K4=,YDV1Fi6rMYHycnBbi4xVOkKXTrk=
19,19,xcYmF6fP37XJbXWnWLMq4JIw9K4=,YDV1Fi6rMYHycnBbi4xVOkKXTrk=
18,18,xcYmF6fP37XJbXWnWLMq4JIw9K4=,YDV1Fi6rMYHycnBbi4xVOkKXTrk=
19,18,xcYmF6fP37XJbXWnWLMq4JIw9K4=,YDV1Fi6rMYHycnBbi4xVOkKXTrk=
18,19,xcYmF6fP37XJbXWnWLMq4JIw9K4=,YDV1Fi6rMYHycnBbi4xVOkKXTrk=
17,21,xcYmF6fP37XJbXWnWLMq4JIw9K4=,teQOR09qu83HdQWfu42bgJ2bL4M=
16,19,xcYmF6fP37XJbXWnWLMq4JIw9K4=,YDV1Fi6rMYHycnBbi4xVOkKXTrk=
16,20,xcYmF6fP37XJbXWnWLMq4JIw9K4=,teQOR09qu83HdQWfu42bgJ2bL4M=
17,19,xcYmF6fP37XJbXWnWLMq4JIw9K4=,YDV1Fi6rMYHycnBbi4xVOkKXTrk=
16,16,xcYmF6fP37XJbXWnWLMq4JIw9K4=,YDV1Fi6rMYHycnBbi4xVOkKXTrk=
16,21,xcYmF6fP37XJbXWnWLMq4JIw9K4=,teQOR09qu83HdQWfu42bgJ2bL4M=
17,20,xcYmF6fP37XJbXWnWLMq4JIw9K4=,teQOR09qu83HdQWfu42bgJ2bL4M=
17,17,xcYmF6fP37XJbXWnWLMq4JIw9K4=,YDV1Fi6rMYHycnBbi4xVOkKXTrk=
16,17,xcYmF6fP37XJbXWnWLMq4JIw9K4=,YDV1Fi6rMYHycnBbi4xVOkKXTrk=
17,18,xcYmF6fP37XJbXWnWLMq4JIw9K4=,YDV1Fi6rMYHycnBbi4xVOkKXTrk=
17,16,xcYmF6fP37XJbXWnWLMq4JIw9K4=,YDV1Fi6rMYHycnBbi4xVOkKXTrk=
16,18,xcYmF6fP37XJbXWnWLMq4JIw9K4=,YDV1Fi6rMYHycnBbi4xVOkKXTrk=
27,29,xcYmF6fP37XJbXWnWLMq4JIw9K4=,IqAM7KDoswoFa6OHzI0PS5AeBLo=
27,26,xcYmF6fP37XJbXWnWLMq4JIw9K4=,zclvdlfgCXeuWG28RwBvS2//SWA=
28,26,xcYmF6fP37XJbXWnWLMq4JIw9K4=,zukglORudtUloq2FHdkn/QY030c=
28,29,xcYmF6fP37XJbXWnWLMq4JIw9K4=,YqWiLPfkrm4rtPfgfWyWUksozJ8=
27,27,xcYmF6fP37XJbXWnWLMq4JIw9K4=,zclvdlfgCXeuWG28RwBvS2//SWA=
27,28,xcYmF6fP37XJbXWnWLMq4JIw9K4=,IqAM7KDoswoFa6OHzI0PS5AeBLo=
28,28,xcYmF6fP37XJbXWnWLMq4JIw9K4=,YqWiLPfkrm4rtPfgfWyWUksozJ8=
28,27,xcYmF6fP37XJbXWnWLMq4JIw9K4=,zukglORudtUloq2FHdkn/QY030c=
25,31,xcYmF6fP37XJbXWnWLMq4JIw9K4=,IqAM7KDoswoFa6OHzI0PS5AeBLo=
26,31,xcYmF6fP37XJbXWnWLMq4JIw9K4=,IqAM7KDoswoFa6OHzI0PS5AeBLo=
20,31,xcYmF6fP37XJbXWnWLMq4JIw9K4=,tVPcyLnbIyXr1vWyqUdBFC8TtPU=
21,31,xcYmF6fP37XJbXWnWLMq4JIw9K4=,tVPcyLnbIyXr1vWyqUdBFC8TtPU=
23,31,xcYmF6fP37XJbXWnWLMq4JIw9K4=,tVPcyLnbIyXr1vWyqUdBFC8TtPU=
19,31,xcYmF6fP37XJbXWnWLMq4JIw9K4=,tCC2fzr0Inv1kJEMl/et3fW4eco=
18,30,xcYmF6fP37XJbXWnWLMq4JIw9K4=,tCC2fzr0Inv1kJEMl/et3fW4eco=
24,31,xcYmF6fP37XJbXWnWLMq4JIw9K4=,IqAM7KDoswoFa6OHzI0PS5AeBLo=
22,31,xcYmF6fP37XJbXWnWLMq4JIw9K4=,tVPcyLnbIyXr1vWyqUdBFC8TtPU=
20,30,xcYmF6fP37XJbXWnWLMq4JIw9K4=,tVPcyLnbIyXr1vWyqUdBFC8TtPU=
19,30,Ypm1KPsM2ZIoulNU/u1cUu4ozNA=,tCC2fzr0Inv1kJEMl/et3fW4eco=
16,25,Ypm1KPsM2ZIoulNU/u1cUu4ozNA=,+56ZgnR/615RJU+pxGayJXQQkp0=
16,26,Ypm1KPsM2ZIoulNU/u1cUu4ozNA=,+56ZgnR/615RJU+pxGayJXQQkp0=
18,31,Ypm1KPsM2ZIoulNU/u1cUu4ozNA=,tCC2fzr0Inv1kJEMl/et3fW4eco=
16,24,Ypm1KPsM2ZIoulNU/u1cUu4ozNA=,+56ZgnR/615RJU+pxGayJXQQkp0=
16,23,Ypm1KPsM2ZIoulNU/u1cUu4ozNA=,teQOR09qu83HdQWfu42bgJ2bL4M=
17,24,Ypm1KPsM2ZIoulNU/u1cUu4ozNA=,+56ZgnR/615RJU+pxGayJXQQkp0=
17,25,Ypm1KPsM2ZIoulNU/u1cUu4ozNA=,+56ZgnR/615RJU+pxGayJXQQkp0=
27,31,Ypm1KPsM2ZIoulNU/u1cUu4ozNA=,IqAM7KDoswoFa6OHzI0PS5AeBLo=
16,22,Ypm1KPsM2ZIoulNU/u1cUu4ozNA=,teQOR09qu83HdQWfu42bgJ2bL4M=
27,30,Ypm1KPsM2ZIoulNU/u1cUu4ozNA=,IqAM7KDoswoFa6OHzI0PS5AeBLo=
17,23,Ypm1KPsM2ZIoulNU/u1cUu4ozNA=,teQOR09qu83HdQWfu42bgJ2bL4M=
28,30,Ypm1KPsM2ZIoulNU/u1cUu4ozNA=,YqWiLPfkrm4rtPfgfWyWUksozJ8=
28,31,Ypm1KPsM2ZIoulNU/u1cUu4ozNA=,YqWiLPfkrm4rtPfgfWyWUksozJ8=
16,30,Ypm1KPsM2ZIoulNU/u1cUu4ozNA=,tCC2fzr0Inv1kJEMl/et3fW4eco=
16,27,Ypm1KPsM2ZIoulNU/u1cUu4ozNA=,+56ZgnR/615RJU+pxGayJXQQkp0=
16,28,Ypm1KPsM2ZIoulNU/u1cUu4ozNA=,tCC2fzr0Inv1kJEMl/et3fW4eco=
16,29,Ypm1KPsM2ZIoulNU/u1cUu4ozNA=,tCC2fzr0Inv1kJEMl/et3fW4eco=
17,22,Ypm1KPsM2ZIoulNU/u1cUu4ozNA=,teQOR09qu83HdQWfu42bgJ2bL4M=
17,26,Ypm1KPsM2ZIoulNU/u1cUu4ozNA=,+56ZgnR/615RJU+pxGayJXQQkp0=
17,30,Ypm1KPsM2ZIoulNU/u1cUu4ozNA=,tCC2fzr0Inv1kJEMl/et3fW4eco=
16,31,Ypm1KPsM2ZIoulNU/u1cUu4ozNA=,tCC2fzr0Inv1kJEMl/et3fW4eco=
17,31,Ypm1KPsM2ZIoulNU/u1cUu4ozNA=,tCC2fzr0Inv1kJEMl/et3fW4eco=
28,1,Ypm1KPsM2ZIoulNU/u1cUu4ozNA=,Sj6T9mfORvg0q1vdKEVjysUK/RM=
27,1,Ypm1KPsM2ZIoulNU/u1cUu4ozNA=,2jwzi3H2NChsXxjJV8D8lJR+Bo4=
25,1,Ypm1KPsM2ZIoulNU/u1cUu4ozNA=,2jwzi3H2NChsXxjJV8D8lJR+Bo4=
26,1,Ypm1KPsM2ZIoulNU/u1cUu4ozNA=,2jwzi3H2NChsXxjJV8D8lJR+Bo4=
25,6,ggsh7TRxMnROHZpp+E4P0f7NDSk=,wcJ6PRpL6G8f1Z4pYKS2kjeU45k=
26,6,ggsh7TRxMnROHZpp+E4P0f7NDSk=,wcJ6PRpL6G8f1Z4pYKS2kjeU45k=
26,7,ggsh7TRxMnROHZpp+E4P0f7NDSk=,wcJ6PRpL6G8f1Z4pYKS2kjeU45k=
21,9,4oy68C2C+E9dsX3EgJCUfbajOFs=,qJFTxyLN6qfpvk4xygIsHVhokHk=
23,1,4oy68C2C+E9dsX3EgJCUfbajOFs=,C3G5tOhGn3VF3VXP2tOZBgpZxpk=
24,1,4oy68C2C+E9dsX3EgJCUfbajOFs=,2jwzi3H2NChsXxjJV8D8lJR+Bo4=
24,2,4oy68C2C+E9dsX3EgJCUfbajOFs=,2jwzi3H2NChsXxjJV8D8lJR+Bo4=
25,3,4oy68C2C+E9dsX3EgJCUfbajOFs=,2jwzi3H2NChsXxjJV8D8lJR+Bo4=
25,2,4oy68C2C+E9dsX3EgJCUfbajOFs=,2jwzi3H2NChsXxjJV8D8lJR+Bo4=
24,6,4oy68C2C+E9dsX3EgJCUfbajOFs=,wcJ6PRpL6G8f1Z4pYKS2kjeU45k=
24,3,4oy68C2C+E9dsX3EgJCUfbajOFs=,2jwzi3H2NChsXxjJV8D8lJR+Bo4=
24,7,4oy68C2C+E9dsX3EgJCUfbajOFs=,wcJ6PRpL6G8f1Z4pYKS2kjeU45k=
22,9,4oy68C2C+E9dsX3EgJCUfbajOFs=,qJFTxyLN6qfpvk4xygIsHVhokHk=
24,5,4oy68C2C+E9dsX3EgJCUfbajOFs=,wcJ6PRpL6G8f1Z4pYKS2kjeU45k=
23,5,4oy68C2C+E9dsX3EgJCUfbajOFs=,1kofvif5pq8Wkt+I2jeuLHo4in8=
22,2,4oy68C2C+E9dsX3EgJCUfbajOFs=,C3G5tOhGn3VF3VXP2tOZBgpZxpk=
22,3,4oy68C2C+E9dsX3EgJCUfbajOFs=,C3G5tOhGn3VF3VXP2tOZBgpZxpk=
23,9,4oy68C2C+E9dsX3EgJCUfbajOFs=,qJFTxyLN6qfpvk4xygIsHVhokHk=
24,8,4oy68C2C+E9dsX3EgJCUfbajOFs=,q4/vMWnOI8Fl1mdUNBdH406Pb9A=
23,2,4oy68C2C+E9dsX3EgJCUfbajOFs=,C3G5tOhGn3VF3VXP2tOZBgpZxpk=
22,5,4oy68C2C+E9dsX3EgJCUfbajOFs=,1kofvif5pq8Wkt+I2jeuLHo4in8=
22,7,4oy68C2C+E9dsX3EgJCUfbajOFs=,1kofvif5pq8Wkt+I2jeuLHo4in8=
23,6,4oy68C2C+E9dsX3EgJCUfbajOFs=,1kofvif5pq8Wkt+I2jeuLHo4in8=
24,4,4oy68C2C+E9dsX3EgJCUfbajOFs=,wcJ6PRpL6G8f1Z4pYKS2kjeU45k=
23,7,4oy68C2C+E9dsX3EgJCUfbajOFs=,1kofvif5pq8Wkt+I2jeuLHo4in8=
23,4,4oy68C2C+E9dsX3EgJCUfbajOFs=,1kofvif5pq8Wkt+I2jeuLHo4in8=
24,9,4oy68C2C+E9dsX3EgJCUfbajOFs=,q4/vMWnOI8Fl1mdUNBdH406Pb9A=
22,4,4oy68C2C+E9dsX3EgJCUfbajOFs=,1kofvif5pq8Wkt+I2jeuLHo4in8=
22,6,4oy68C2C+E9dsX3EgJCUfbajOFs=,1kofvif5pq8Wkt+I2jeuLHo4in8=
23,3,4oy68C2C+E9dsX3EgJCUfbajOFs=,C3G5tOhGn3VF3VXP2tOZBgpZxpk=
25,8,4oy68C2C+E9dsX3EgJCUfbajOFs=,q4/vMWnOI8Fl1mdUNBdH406Pb9A=
25,7,4oy68C2C+E9dsX3EgJCUfbajOFs=,wcJ6PRpL6G8f1Z4pYKS2kjeU45k=
23,8,4oy68C2C+E9dsX3EgJCUfbajOFs=,qJFTxyLN6qfpvk4xygIsHVhokHk=
25,5,4oy68C2C+E9dsX3EgJCUfbajOFs=,wcJ6PRpL6G8f1Z4pYKS2kjeU45k=
25,4,4oy68C2C+E9dsX3EgJCUfbajOFs=,wcJ6PRpL6G8f1Z4pYKS2kjeU45k=
22,8,4oy68C2C+E9dsX3EgJCUfbajOFs=,qJFTxyLN6qfpvk4xygIsHVhokHk=
25,9,4oy68C2C+E9dsX3EgJCUfbajOFs=,q4/vMWnOI8Fl1mdUNBdH406Pb9A=
20,9,l1W4Tb8UlZ+RSm5ZS/NvnIOJC/U=,qJFTxyLN6qfpvk4xygIsHVhokHk=
19,9,l1W4Tb8UlZ+RSm5ZS/NvnIOJC/U=,0w9WQguMZY5HLaRovJRWaGF/G+I=
18,9,l1W4Tb8UlZ+RSm5ZS/NvnIOJC/U=,0w9WQguMZY5HLaRovJRWaGF/G+I=
21,6,l1W4Tb8UlZ+RSm5ZS/NvnIOJC/U=,1kofvif5pq8Wkt+I2jeuLHo4in8=
21,7,l1W4Tb8UlZ+RSm5ZS/NvnIOJC/U=,1kofvif5pq8Wkt+I2jeuLHo4in8=
20,7,l1W4Tb8UlZ+RSm5ZS/NvnIOJC/U=,1kofvif5pq8Wkt+I2jeuLHo4in8=
21,8,l1W4Tb8UlZ+RSm5ZS/NvnIOJC/U=,qJFTxyLN6qfpvk4xygIsHVhokHk=
20,6,l1W4Tb8UlZ+RSm5ZS/NvnIOJC/U=,1kofvif5pq8Wkt+I2jeuLHo4in8=
20,8,l1W4Tb8UlZ+RSm5ZS/NvnIOJC/U=,qJFTxyLN6qfpvk4xygIsHVhokHk=
19,7,l1W4Tb8UlZ+RSm5ZS/NvnIOJC/U=,ozSxxskwGrp9ZRyxb/6DS31kv6s=
18,7,l1W4Tb8UlZ+RSm5ZS/NvnIOJC/U=,ozSxxskwGrp9ZRyxb/6DS31kv6s=
19,8,l1W4Tb8UlZ+RSm5ZS/NvnIOJC/U=,0w9WQguMZY5HLaRovJRWaGF/G+I=
18,8,l1W4Tb8UlZ+RSm5ZS/NvnIOJC/U=,0w9WQguMZY5HLaRovJRWaGF/G+I=
19,6,l1W4Tb8UlZ+RSm5ZS/NvnIOJC/U=,ozSxxskwGrp9ZRyxb/6DS31kv6s=
18,6,l1W4Tb8UlZ+RSm5ZS/NvnIOJC/U=,ozSxxskwGrp9ZRyxb/6DS31kv6s=
26,13,l1W4Tb8UlZ+RSm5ZS/NvnIOJC/U=,rqBU0Lxi01QHjBhgGQgf1PmIuVU=
26,12,l1W4Tb8UlZ+RSm5ZS/NvnIOJC/U=,rqBU0Lxi01QHjBhgGQgf1PmIuVU=
26,14,l1W4Tb8UlZ+RSm5ZS/NvnIOJC/U=,rqBU0Lxi01QHjBhgGQgf1PmIuVU=
25,14,l1W4Tb8UlZ+RSm5ZS/NvnIOJC/U=,rqBU0Lxi01QHjBhgGQgf1PmIuVU=
27,13,7tdXXUefOAaotEEoIZWm9UiNLGE=,rqBU0Lxi01QHjBhgGQgf1PmIuVU=
28,14,7tdXXUefOAaotEEoIZWm9UiNLGE=,kvFZwZzgM3FI5vX041OEyNSVgXo=
28,13,7tdXXUefOAaotEEoIZWm9UiNLGE=,kvFZwZzgM3FI5vX041OEyNSVgXo=
27,14,7tdXXUefOAaotEEoIZWm9UiNLGE=,rqBU0Lxi01QHjBhgGQgf1PmIuVU=
20,4,7tdXXUefOAaotEEoIZWm9UiNLGE=,1kofvif5pq8Wkt+I2jeuLHo4in8=
20,5,7tdXXUefOAaotEEoIZWm9UiNLGE=,1kofvif5pq8Wkt+I2jeuLHo4in8=
20,3,7tdXXUefOAaotEEoIZWm9UiNLGE=,C3G5tOhGn3VF3VXP2tOZBgpZxpk=
19,4,7tdXXUefOAaotEEoIZWm9UiNLGE=,ozSxxskwGrp9ZRyxb/6DS31kv6s=
20,2,7tdXXUefOAaotEEoIZWm9UiNLGE=,C3G5tOhGn3VF3VXP2tOZBgpZxpk=
21,5,7tdXXUefOAaotEEoIZWm9UiNLGE=,1kofvif5pq8Wkt+I2jeuLHo4in8=
18,4,7tdXXUefOAaotEEoIZWm9UiNLGE=,ozSxxskwGrp9ZRyxb/6DS31kv6s=
19,5,7tdXXUefOAaotEEoIZWm9UiNLGE=,ozSxxskwGrp9ZRyxb/6DS31kv6s=
18,5,7tdXXUefOAaotEEoIZWm9UiNLGE=,ozSxxskwGrp9ZRyxb/6DS31kv6s=
19,2,7tdXXUefOAaotEEoIZWm9UiNLGE=,DkqBl1M/VxZURyyEkjx0ZAMu5vU=
19,3,7tdXXUefOAaotEEoIZWm9UiNLGE=,DkqBl1M/VxZURyyEkjx0ZAMu5vU=
21,3,7tdXXUefOAaotEEoIZWm9UiNLGE=,C3G5tOhGn3VF3VXP2tOZBgpZxpk=
18,3,7tdXXUefOAaotEEoIZWm9UiNLGE=,DkqBl1M/VxZURyyEkjx0ZAMu5vU=
18,2,7tdXXUefOAaotEEoIZWm9UiNLGE=,DkqBl1M/VxZURyyEkjx0ZAMu5vU=
21,4,7tdXXUefOAaotEEoIZWm9UiNLGE=,1kofvif5pq8Wkt+I2jeuLHo4in8=
21,2,7tdXXUefOAaotEEoIZWm9UiNLGE=,C3G5tOhGn3VF3VXP2tOZBgpZxpk=
24,14,7tdXXUefOAaotEEoIZWm9UiNLGE=,rqBU0Lxi01QHjBhgGQgf1PmIuVU=
24,11,7tdXXUefOAaotEEoIZWm9UiNLGE=,q4/vMWnOI8Fl1mdUNBdH406Pb9A=
20,11,7tdXXUefOAaotEEoIZWm9UiNLGE=,qJFTxyLN6qfpvk4xygIsHVhokHk=
19,13,7tdXXUefOAaotEEoIZWm9UiNLGE=,6e3wk9e0kO3rDNheURm802bFj+I=
21,13,7tdXXUefOAaotEEoIZWm9UiNLGE=,HsgDA3x5Wr8FTQUEB+5B/0GPuBA=
25,11,7tdXXUefOAaotEEoIZWm9UiNLGE=,q4/vMWnOI8Fl1mdUNBdH406Pb9A=
21,11,7tdXXUefOAaotEEoIZWm9UiNLGE=,qJFTxyLN6qfpvk4xygIsHVhokHk=
21,12,7tdXXUefOAaotEEoIZWm9UiNLGE=,HsgDA3x5Wr8FTQUEB+5B/0GPuBA=
20,14,7tdXXUefOAaotEEoIZWm9UiNLGE=,HsgDA3x5Wr8FTQUEB+5B/0GPuBA=
21,14,7tdXXUefOAaotEEoIZWm9UiNLGE=,HsgDA3x5Wr8FTQUEB+5B/0GPuBA=
24,10,7tdXXUefOAaotEEoIZWm9UiNLGE=,q4/vMWnOI8Fl1mdUNBdH406Pb9A=
22,13,7tdXXUefOAaotEEoIZWm9UiNLGE=,HsgDA3x5Wr8FTQUEB+5B/0GPuBA=
22,11,cVnuBcrkVfcTTm7jliuWzPjo6Ag=,qJFTxyLN6qfpvk4xygIsHVhokHk=
21,15,cVnuBcrkVfcTTm7jliuWzPjo6Ag=,HsgDA3x5Wr8FTQUEB+5B/0GPuBA=
24,12,cVnuBcrkVfcTTm7jliuWzPjo6Ag=,rqBU0Lxi01QHjBhgGQgf1PmIuVU=
20,15,cVnuBcrkVfcTTm7jliuWzPjo6Ag=,HsgDA3x5Wr8FTQUEB+5B/0GPuBA=
23,13,cVnuBcrkVfcTTm7jliuWzPjo6Ag=,HsgDA3x5Wr8FTQUEB+5B/0GPuBA=
24,13,cVnuBcrkVfcTTm7jliuWzPjo6Ag=,rqBU0Lxi01QHjBhgGQgf1PmIuVU=
25,10,cVnuBcrkVfcTTm7jliuWzPjo6Ag=,q4/vMWnOI8Fl1mdUNBdH406Pb9A=
23,11,cVnuBcrkVfcTTm7jliuWzPjo6Ag=,qJFTxyLN6qfpvk4xygIsHVhokHk=
19,12,cVnuBcrkVfcTTm7jliuWzPjo6Ag=,6e3wk9e0kO3rDNheURm802bFj+I=
19,15,cVnuBcrkVfcTTm7jliuWzPjo6Ag=,6e3wk9e0kO3rDNheURm802bFj+I=
20,12,cVnuBcrkVfcTTm7jliuWzPjo6Ag=,HsgDA3x5Wr8FTQUEB+5B/0GPuBA=
19,11,cVnuBcrkVfcTTm7jliuWzPjo6Ag=,0w9WQguMZY5HLaRovJRWaGF/G+I=
20,13,cVnuBcrkVfcTTm7jliuWzPjo6Ag=,HsgDA3x5Wr8FTQUEB+5B/0GPuBA=
18,13,cVnuBcrkVfcTTm7jliuWzPjo6Ag=,6e3wk9e0kO3rDNheURm802bFj+I=
18,15,cVnuBcrkVfcTTm7jliuWzPjo6Ag=,6e3wk9e0kO3rDNheURm802bFj+I=
18,12,cVnuBcrkVfcTTm7jliuWzPjo6Ag=,6e3wk9e0kO3rDNheURm802bFj+I=
23,10,cVnuBcrkVfcTTm7jliuWzPjo6Ag=,qJFTxyLN6qfpvk4xygIsHVhokHk=
23,12,cVnuBcrkVfcTTm7jliuWzPjo6Ag=,HsgDA3x5Wr8FTQUEB+5B/0GPuBA=
18,11,cVnuBcrkVfcTTm7jliuWzPjo6Ag=,0w9WQguMZY5HLaRovJRWaGF/G+I=
19,14,cVnuBcrkVfcTTm7jliuWzPjo6Ag=,6e3wk9e0kO3rDNheURm802bFj+I=
19,10,cVnuBcrkVfcTTm7jliuWzPjo6Ag=,0w9WQguMZY5HLaRovJRWaGF/G+I=
22,12,cVnuBcrkVfcTTm7jliuWzPjo6Ag=,HsgDA3x5Wr8FTQUEB+5B/0GPuBA=
18,10,cVnuBcrkVfcTTm7jliuWzPjo6Ag=,0w9WQguMZY5HLaRovJRWaGF/G+I=
25,12,cVnuBcrkVfcTTm7jliuWzPjo6Ag=,rqBU0Lxi01QHjBhgGQgf1PmIuVU=
25,13,cVnuBcrkVfcTTm7jliuWzPjo6Ag=,rqBU0Lxi01QHjBhgGQgf1PmIuVU=
16,10,cVnuBcrkVfcTTm7jliuWzPjo6Ag=,0w9WQguMZY5HLaRovJRWaGF/G+I=
20,10,cVnuBcrkVfcTTm7jliuWzPjo6Ag=,qJFTxyLN6qfpvk4xygIsHVhokHk=
18,14,cVnuBcrkVfcTTm7jliuWzPjo6Ag=,6e3wk9e0kO3rDNheURm802bFj+I=
17,11,cVnuBcrkVfcTTm7jliuWzPjo6Ag=,0w9WQguMZY5HLaRovJRWaGF/G+I=
21,10,cVnuBcrkVfcTTm7jliuWzPjo6Ag=,qJFTxyLN6qfpvk4xygIsHVhokHk=
22,10,cVnuBcrkVfcTTm7jliuWzPjo6Ag=,qJFTxyLN6qfpvk4xygIsHVhokHk=
17,10,cVnuBcrkVfcTTm7jliuWzPjo6Ag=,0w9WQguMZY5HLaRovJRWaGF/G+I=
16,11,cVnuBcrkVfcTTm7jliuWzPjo6Ag=,0w9WQguMZY5HLaRovJRWaGF/G+I=
17,12,cVnuBcrkVfcTTm7jliuWzPjo6Ag=,6e3wk9e0kO3rDNheURm802bFj+I=
16,15,cVnuBcrkVfcTTm7jliuWzPjo6Ag=,6e3wk9e0kO3rDNheURm802bFj+I=
16,14,cVnuBcrkVfcTTm7jliuWzPjo6Ag=,6e3wk9e0kO3rDNheURm802bFj+I=
17,13,cVnuBcrkVfcTTm7jliuWzPjo6Ag=,6e3wk9e0kO3rDNheURm802bFj+I=
16,13,cVnuBcrkVfcTTm7jliuWzPjo6Ag=,6e3wk9e0kO3rDNheURm802bFj+I=
17,14,cVnuBcrkVfcTTm7jliuWzPjo6Ag=,6e3wk9e0kO3rDNheURm802bFj+I=
25,0,cVnuBcrkVfcTTm7jliuWzPjo6Ag=,2jwzi3H2NChsXxjJV8D8lJR+Bo4=
26,0,cVnuBcrkVfcTTm7jliuWzPjo6Ag=,2jwzi3H2NChsXxjJV8D8lJR+Bo4=
16,12,cVnuBcrkVfcTTm7jliuWzPjo6Ag=,6e3wk9e0kO3rDNheURm802bFj+I=
17,15,cVnuBcrkVfcTTm7jliuWzPjo6Ag=,6e3wk9e0kO3rDNheURm802bFj+I=
17,9,cVnuBcrkVfcTTm7jliuWzPjo6Ag=,0w9WQguMZY5HLaRovJRWaGF/G+I=
16,8,cVnuBcrkVfcTTm7jliuWzPjo6Ag=,0w9WQguMZY5HLaRovJRWaGF/G+I=
17,7,weg7UbYouKflm0KIbLCrIUb8IuA=,ozSxxskwGrp9ZRyxb/6DS31kv6s=
16,7,weg7UbYouKflm0KIbLCrIUb8IuA=,ozSxxskwGrp9ZRyxb/6DS31kv6s=
16,2,weg7UbYouKflm0KIbLCrIUb8IuA=,DkqBl1M/VxZURyyEkjx0ZAMu5vU=
17,8,weg7UbYouKflm0KIbLCrIUb8IuA=,0w9WQguMZY5HLaRovJRWaGF/G+I=
16,3,weg7UbYouKflm0KIbLCrIUb8IuA=,DkqBl1M/VxZURyyEkjx0ZAMu5vU=
16,5,weg7UbYouKflm0KIbLCrIUb8IuA=,ozSxxskwGrp9ZRyxb/6DS31kv6s=
17,6,weg7UbYouKflm0KIbLCrIUb8IuA=,ozSxxskwGrp9ZRyxb/6DS31kv6s=
28,0,weg7UbYouKflm0KIbLCrIUb8IuA=,Sj6T9mfORvg0q1vdKEVjysUK/RM=
27,0,weg7UbYouKflm0KIbLCrIUb8IuA=,2jwzi3H2NChsXxjJV8D8lJR+Bo4=
17,5,weg7UbYouKflm0KIbLCrIUb8IuA=,ozSxxskwGrp9ZRyxb/6DS31kv6s=
16,6,weg7UbYouKflm0KIbLCrIUb8IuA=,ozSxxskwGrp9ZRyxb/6DS31kv6s=
16,9,weg7UbYouKflm0KIbLCrIUb8IuA=,0w9WQguMZY5HLaRovJRWaGF/G+I=
17,4,weg7UbYouKflm0KIbLCrIUb8IuA=,ozSxxskwGrp9ZRyxb/6DS31kv6s=
17,0,weg7UbYouKflm0KIbLCrIUb8IuA=,DkqBl1M/VxZURyyEkjx0ZAMu5vU=
16,4,weg7UbYouKflm0KIbLCrIUb8IuA=,ozSxxskwGrp9ZRyxb/6DS31kv6s=
17,3,weg7UbYouKflm0KIbLCrIUb8IuA=,DkqBl1M/VxZURyyEkjx0ZAMu5vU=
17,2,weg7UbYouKflm0KIbLCrIUb8IuA=,DkqBl1M/VxZURyyEkjx0ZAMu5vU=
16,0,weg7UbYouKflm0KIbLCrIUb8IuA=,DkqBl1M/VxZURyyEkjx0ZAMu5vU=
16,1,weg7UbYouKflm0KIbLCrIUb8IuA=,DkqBl1M/VxZURyyEkjx0ZAMu5vU=
17,1,weg7UbYouKflm0KIbLCrIUb8IuA=,DkqBl1M/VxZURyyEkjx0ZAMu5vU=
23,0,weg7UbYouKflm0KIbLCrIUb8IuA=,C3G5tOhGn3VF3VXP2tOZBgpZxpk=
19,0,beAhyrrX8MAlRVgIUgBQAQDrKKA=,DkqBl1M/VxZURyyEkjx0ZAMu5vU=
20,0,beAhyrrX8MAlRVgIUgBQAQDrKKA=,C3G5tOhGn3VF3VXP2tOZBgpZxpk=
21,1,beAhyrrX8MAlRVgIUgBQAQDrKKA=,C3G5tOhGn3VF3VXP2tOZBgpZxpk=
24,0,beAhyrrX8MAlRVgIUgBQAQDrKKA=,2jwzi3H2NChsXxjJV8D8lJR+Bo4=
22,1,beAhyrrX8MAlRVgIUgBQAQDrKKA=,C3G5tOhGn3VF3VXP2tOZBgpZxpk=
21,0,beAhyrrX8MAlRVgIUgBQAQDrKKA=,C3G5tOhGn3VF3VXP2tOZBgpZxpk=
22,0,beAhyrrX8MAlRVgIUgBQAQDrKKA=,C3G5tOhGn3VF3VXP2tOZBgpZxpk=
18,0,beAhyrrX8MAlRVgIUgBQAQDrKKA=,DkqBl1M/VxZURyyEkjx0ZAMu5vU=
20,1,beAhyrrX8MAlRVgIUgBQAQDrKKA=,C3G5tOhGn3VF3VXP2tOZBgpZxpk=
24,15,beAhyrrX8MAlRVgIUgBQAQDrKKA=,rqBU0Lxi01QHjBhgGQgf1PmIuVU=
19,1,beAhyrrX8MAlRVgIUgBQAQDrKKA=,DkqBl1M/VxZURyyEkjx0ZAMu5vU=
25,15,beAhyrrX8MAlRVgIUgBQAQDrKKA=,rqBU0Lxi01QHjBhgGQgf1PmIuVU=
26,15,beAhyrrX8MAlRVgIUgBQAQDrKKA=,rqBU0Lxi01QHjBhgGQgf1PmIuVU=
18,1,beAhyrrX8MAlRVgIUgBQAQDrKKA=,DkqBl1M/VxZURyyEkjx0ZAMu5vU=
23,14,beAhyrrX8MAlRVgIUgBQAQDrKKA=,HsgDA3x5Wr8FTQUEB+5B/0GPuBA=
23,15,beAhyrrX8MAlRVgIUgBQAQDrKKA=,HsgDA3x5Wr8FTQUEB+5B/0GPuBA=
22,15,beAhyrrX8MAlRVgIUgBQAQDrKKA=,HsgDA3x5Wr8FTQUEB+5B/0GPuBA=
22,14,beAhyrrX8MAlRVgIUgBQAQDrKKA=,HsgDA3x5Wr8FTQUEB+5B/0GPuBA=
27,15,beAhyrrX8MAlRVgIUgBQAQDrKKA=,rqBU0Lxi01QHjBhgGQgf1PmIuVU=
28,15,beAhyrrX8MAlRVgIUgBQAQDrKKA=,kvFZwZzgM3FI5vX041OEyNSVgXo=
28,6,beAhyrrX8MAlRVgIUgBQAQDrKKA=,ER8fqqwq7jsDPoHCE2vSueq6mt4=
27,6,beAhyrrX8MAlRVgIUgBQAQDrKKA=,wcJ6PRpL6G8f1Z4pYKS2kjeU45k=
28,4,beAhyrrX8MAlRVgIUgBQAQDrKKA=,ER8fqqwq7jsDPoHCE2vSueq6mt4=
27,3,beAhyrrX8MAlRVgIUgBQAQDrKKA=,2jwzi3H2NChsXxjJV8D8lJR+Bo4=
26,2,beAhyrrX8MAlRVgIUgBQAQDrKKA=,2jwzi3H2NChsXxjJV8D8lJR+Bo4=
27,2,beAhyrrX8MAlRVgIUgBQAQDrKKA=,2jwzi3H2NChsXxjJV8D8lJR+Bo4=
28,3,beAhyrrX8MAlRVgIUgBQAQDrKKA=,Sj6T9mfORvg0q1vdKEVjysUK/RM=
28,2,beAhyrrX8MAlRVgIUgBQAQDrKKA=,Sj6T9mfORvg0q1vdKEVjysUK/RM=
28,5,beAhyrrX8MAlRVgIUgBQAQDrKKA=,ER8fqqwq7jsDPoHCE2vSueq6mt4=
27,4,beAhyrrX8MAlRVgIUgBQAQDrKKA=,wcJ6PRpL6G8f1Z4pYKS2kjeU45k=
26,4,beAhyrrX8MAlRVgIUgBQAQDrKKA=,wcJ6PRpL6G8f1Z4pYKS2kjeU45k=
26,5,beAhyrrX8MAlRVgIUgBQAQDrKKA=,wcJ6PRpL6G8f1Z4pYKS2kjeU45k=
26,3,beAhyrrX8MAlRVgIUgBQAQDrKKA=,2jwzi3H2NChsXxjJV8D8lJR+Bo4=
27,5,beAhyrrX8MAlRVgIUgBQAQDrKKA=,wcJ6PRpL6G8f1Z4pYKS2kjeU45k=
27,7,beAhyrrX8MAlRVgIUgBQAQDrKKA=,wcJ6PRpL6G8f1Z4pYKS2kjeU45k=
27,12,beAhyrrX8MAlRVgIUgBQAQDrKKA=,rqBU0Lxi01QHjBhgGQgf1PmIuVU=
28,7,beAhyrrX8MAlRVgIUgBQAQDrKKA=,ER8fqqwq7jsDPoHCE2vSueq6mt4=
27,11,beAhyrrX8MAlRVgIUgBQAQDrKKA=,q4/vMWnOI8Fl1mdUNBdH406Pb9A=
28,11,beAhyrrX8MAlRVgIUgBQAQDrKKA=,Sve8LKGkHwFktQSuXu8v69SQHHk=
28,10,beAhyrrX8MAlRVgIUgBQAQDrKKA=,Sve8LKGkHwFktQSuXu8v69SQHHk=
28,9,beAhyrrX8MAlRVgIUgBQAQDrKKA=,Sve8LKGkHwFktQSuXu8v69SQHHk=
28,12,beAhyrrX8MAlRVgIUgBQAQDrKKA=,kvFZwZzgM3FI5vX041OEyNSVgXo=
28,8,beAhyrrX8MAlRVgIUgBQAQDrKKA=,Sve8LKGkHwFktQSuXu8v69SQHHk=
26,8,beAhyrrX8MAlRVgIUgBQAQDrKKA=,q4/vMWnOI8Fl1mdUNBdH406Pb9A=
27,10,beAhyrrX8MAlRVgIUgBQAQDrKKA=,q4/vMWnOI8Fl1mdUNBdH406Pb9A=
26,9,beAhyrrX8MAlRVgIUgBQAQDrKKA=,q4/vMWnOI8Fl1mdUNBdH406Pb9A=
26,11,beAhyrrX8MAlRVgIUgBQAQDrKKA=,q4/vMWnOI8Fl1mdUNBdH406Pb9A=
26,10,beAhyrrX8MAlRVgIUgBQAQDrKKA=,q4/vMWnOI8Fl1mdUNBdH406Pb9A=
27,8,beAhyrrX8MAlRVgIUgBQAQDrKKA=,q4/vMWnOI8Fl1mdUNBdH406Pb9A=
27,9,beAhyrrX8MAlRVgIUgBQAQDrKKA=,q4/vMWnOI8Fl1mdUNBdH406Pb9A=
