-90,3,hDtIRTOfXgVKN871iOyhF2qqQiU=,UwCnDrIPOzsZ6hRTXHdRtY3ZRo0=
-90,7,hDtIRTOfXgVKN871iOyhF2qqQiU=,UwCnDrIPOzsZ6hRTXHdRtY3ZRo0=
-90,6,hDtIRTOfXgVKN871iOyhF2qqQiU=,UwCnDrIPOzsZ6hRTXHdRtY3ZRo0=
-90,5,hDtIRTOfXgVKN871iOyhF2qqQiU=,UwCnDrIPOzsZ6hRTXHdRtY3ZRo0=
-90,4,hDtIRTOfXgVKN871iOyhF2qqQiU=,UwCnDrIPOzsZ6hRTXHdRtY3ZRo0=
-88,7,3ap0I8OIDTSwqYDjT8VlVHelgPE=,44sFUy0r05h3y8smAy8zyOFc4tk=
-87,1,3ap0I8OIDTSwqYDjT8VlVHelgPE=,44sFUy0r05h3y8smAy8zyOFc4tk=
-87,7,3ap0I8OIDTSwqYDjT8VlVHelgPE=,44sFUy0r05h3y8smAy8zyOFc4tk=
-86,7,3ap0I8OIDTSwqYDjT8VlVHelgPE=,44sFUy0r05h3y8smAy8zyOFc4tk=
-85,7,3ap0I8OIDTSwqYDjT8VlVHelgPE=,44sFUy0r05h3y8smAy8zyOFc4tk=
-84,2,3ap0I8OIDTSwqYDjT8VlVHelgPE=,44sFUy0r05h3y8smAy8zyOFc4tk=
-84,7,3ap0I8OIDTSwqYDjT8VlVHelgPE=,44sFUy0r05h3y8smAy8zyOFc4tk=
-83,7,3ap0I8OIDTSwqYDjT8VlVHelgPE=,44sFUy0r05h3y8smAy8zyOFc4tk=
-86,1,3ap0I8OIDTSwqYDjT8VlVHelgPE=,44sFUy0r05h3y8smAy8zyOFc4tk=
-85,1,3ap0I8OIDTSwqYDjT8VlVHelgPE=,44sFUy0r05h3y8smAy8zyOFc4tk=
-89,7,3ap0I8OIDTSwqYDjT8VlVHelgPE=,UwCnDrIPOzsZ6hRTXHdRtY3ZRo0=
-86,5,3ap0I8OIDTSwqYDjT8VlVHelgPE=,44sFUy0r05h3y8smAy8zyOFc4tk=
-87,5,3ap0I8OIDTSwqYDjT8VlVHelgPE=,44sFUy0r05h3y8smAy8zyOFc4tk=
-88,5,3ap0I8OIDTSwqYDjT8VlVHelgPE=,44sFUy0r05h3y8smAy8zyOFc4tk=
-89,2,3ap0I8OIDTSwqYDjT8VlVHelgPE=,UwCnDrIPOzsZ6hRTXHdRtY3ZRo0=
-83,6,3ap0I8OIDTSwqYDjT8VlVHelgPE=,44sFUy0r05h3y8smAy8zyOFc4tk=
-84,6,3ap0I8OIDTSwqYDjT8VlVHelgPE=,44sFUy0r05h3y8smAy8zyOFc4tk=
-81,0,3ap0I8OIDTSwqYDjT8VlVHelgPE=,44sFUy0r05h3y8smAy8zyOFc4tk=
-85,6,3ap0I8OIDTSwqYDjT8VlVHelgPE=,44sFUy0r05h3y8smAy8zyOFc4tk=
-90,0,3ap0I8OIDTSwqYDjT8VlVHelgPE=,UwCnDrIPOzsZ6hRTXHdRtY3ZRo0=
-90,2,3ap0I8OIDTSwqYDjT8VlVHelgPE=,UwCnDrIPOzsZ6hRTXHdRtY3ZRo0=
-86,6,3ap0I8OIDTSwqYDjT8VlVHelgPE=,44sFUy0r05h3y8smAy8zyOFc4tk=
-82,0,3ap0I8OIDTSwqYDjT8VlVHelgPE=,44sFUy0r05h3y8smAy8zyOFc4tk=
-88,4,3ap0I8OIDTSwqYDjT8VlVHelgPE=,44sFUy0r05h3y8smAy8zyOFc4tk=
-81,3,3ap0I8OIDTSwqYDjT8VlVHelgPE=,44sFUy0r05h3y8smAy8zyOFc4tk=
-82,3,3ap0I8OIDTSwqYDjT8VlVHelgPE=,44sFUy0r05h3y8smAy8zyOFc4tk=
-83,3,3ap0I8OIDTSwqYDjT8VlVHelgPE=,44sFUy0r05h3y8smAy8zyOFc4tk=
-83,0,3ap0I8OIDTSwqYDjT8VlVHelgPE=,44sFUy0r05h3y8smAy8zyOFc4tk=
-90,1,3ap0I8OIDTSwqYDjT8VlVHelgPE=,UwCnDrIPOzsZ6hRTXHdRtY3ZRo0=
-89,3,3ap0I8OIDTSwqYDjT8VlVHelgPE=,UwCnDrIPOzsZ6hRTXHdRtY3ZRo0=
-89,4,3ap0I8OIDTSwqYDjT8VlVHelgPE=,UwCnDrIPOzsZ6hRTXHdRtY3ZRo0=
-89,5,3ap0I8OIDTSwqYDjT8VlVHelgPE=,UwCnDrIPOzsZ6hRTXHdRtY3ZRo0=
-83,2,3ap0I8OIDTSwqYDjT8VlVHelgPE=,44sFUy0r05h3y8smAy8zyOFc4tk=
-84,1,3ap0I8OIDTSwqYDjT8VlVHelgPE=,44sFUy0r05h3y8smAy8zyOFc4tk=
-87,0,3ap0I8OIDTSwqYDjT8VlVHelgPE=,44sFUy0r05h3y8smAy8zyOFc4tk=
-89,6,3ap0I8OIDTSwqYDjT8VlVHelgPE=,UwCnDrIPOzsZ6hRTXHdRtY3ZRo0=
-88,2,3ap0I8OIDTSwqYDjT8VlVHelgPE=,44sFUy0r05h3y8smAy8zyOFc4tk=
-89,1,3ap0I8OIDTSwqYDjT8VlVHelgPE=,UwCnDrIPOzsZ6hRTXHdRtY3ZRo0=
-84,0,3ap0I8OIDTSwqYDjT8VlVHelgPE=,44sFUy0r05h3y8smAy8zyOFc4tk=
-87,6,3ap0I8OIDTSwqYDjT8VlVHelgPE=,44sFUy0r05h3y8smAy8zyOFc4tk=
-81,1,3ap0I8OIDTSwqYDjT8VlVHelgPE=,44sFUy0r05h3y8smAy8zyOFc4tk=
-85,0,3ap0I8OIDTSwqYDjT8VlVHelgPE=,44sFUy0r05h3y8smAy8zyOFc4tk=
-81,2,3ap0I8OIDTSwqYDjT8VlVHelgPE=,44sFUy0r05h3y8smAy8zyOFc4tk=
-82,1,3ap0I8OIDTSwqYDjT8VlVHelgPE=,44sFUy0r05h3y8smAy8zyOFc4tk=
-83,1,3ap0I8OIDTSwqYDjT8VlVHelgPE=,44sFUy0r05h3y8smAy8zyOFc4tk=
-88,6,3ap0I8OIDTSwqYDjT8VlVHelgPE=,44sFUy0r05h3y8smAy8zyOFc4tk=
-86,0,3ap0I8OIDTSwqYDjT8VlVHelgPE=,44sFUy0r05h3y8smAy8zyOFc4tk=
-82,2,3ap0I8OIDTSwqYDjT8VlVHelgPE=,44sFUy0r05h3y8smAy8zyOFc4tk=
-84,3,3ap0I8OIDTSwqYDjT8VlVHelgPE=,44sFUy0r05h3y8smAy8zyOFc4tk=
-82,5,3ap0I8OIDTSwqYDjT8VlVHelgPE=,44sFUy0r05h3y8smAy8zyOFc4tk=
-82,7,3ap0I8OIDTSwqYDjT8VlVHelgPE=,44sFUy0r05h3y8smAy8zyOFc4tk=
-89,0,3ap0I8OIDTSwqYDjT8VlVHelgPE=,UwCnDrIPOzsZ6hRTXHdRtY3ZRo0=
-88,0,3ap0I8OIDTSwqYDjT8VlVHelgPE=,44sFUy0r05h3y8smAy8zyOFc4tk=
-81,7,3ap0I8OIDTSwqYDjT8VlVHelgPE=,44sFUy0r05h3y8smAy8zyOFc4tk=
-87,2,3ap0I8OIDTSwqYDjT8VlVHelgPE=,44sFUy0r05h3y8smAy8zyOFc4tk=
-88,3,3ap0I8OIDTSwqYDjT8VlVHelgPE=,44sFUy0r05h3y8smAy8zyOFc4tk=
-83,5,3ap0I8OIDTSwqYDjT8VlVHelgPE=,44sFUy0r05h3y8smAy8zyOFc4tk=
-87,4,3ap0I8OIDTSwqYDjT8VlVHelgPE=,44sFUy0r05h3y8smAy8zyOFc4tk=
-81,5,3ap0I8OIDTSwqYDjT8VlVHelgPE=,44sFUy0r05h3y8smAy8zyOFc4tk=
-85,5,3ap0I8OIDTSwqYDjT8VlVHelgPE=,44sFUy0r05h3y8smAy8zyOFc4tk=
-84,5,3ap0I8OIDTSwqYDjT8VlVHelgPE=,44sFUy0r05h3y8smAy8zyOFc4tk=
-86,4,3ap0I8OIDTSwqYDjT8VlVHelgPE=,44sFUy0r05h3y8smAy8zyOFc4tk=
-88,1,3ap0I8OIDTSwqYDjT8VlVHelgPE=,44sFUy0r05h3y8smAy8zyOFc4tk=
-81,4,3ap0I8OIDTSwqYDjT8VlVHelgPE=,44sFUy0r05h3y8smAy8zyOFc4tk=
-86,2,3ap0I8OIDTSwqYDjT8VlVHelgPE=,44sFUy0r05h3y8smAy8zyOFc4tk=
-83,4,3ap0I8OIDTSwqYDjT8VlVHelgPE=,44sFUy0r05h3y8smAy8zyOFc4tk=
-85,2,3ap0I8OIDTSwqYDjT8VlVHelgPE=,44sFUy0r05h3y8smAy8zyOFc4tk=
-87,3,3ap0I8OIDTSwqYDjT8VlVHelgPE=,44sFUy0r05h3y8smAy8zyOFc4tk=
-85,3,3ap0I8OIDTSwqYDjT8VlVHelgPE=,44sFUy0r05h3y8smAy8zyOFc4tk=
-82,6,3ap0I8OIDTSwqYDjT8VlVHelgPE=,44sFUy0r05h3y8smAy8zyOFc4tk=
-81,6,3ap0I8OIDTSwqYDjT8VlVHelgPE=,44sFUy0r05h3y8smAy8zyOFc4tk=
-82,4,3ap0I8OIDTSwqYDjT8VlVHelgPE=,44sFUy0r05h3y8smAy8zyOFc4tk=
-85,4,3ap0I8OIDTSwqYDjT8VlVHelgPE=,44sFUy0r05h3y8smAy8zyOFc4tk=
-86,3,3ap0I8OIDTSwqYDjT8VlVHelgPE=,44sFUy0r05h3y8smAy8zyOFc4tk=
-84,4,3ap0I8OIDTSwqYDjT8VlVHelgPE=,44sFUy0r05h3y8smAy8zyOFc4tk=
-90,20,uoNUngetnqSijN/pBmyB/5s3JZI=,vQ5gm0tXawOoLnIlJx3nn/ZhbfY=
-89,18,uoNUngetnqSijN/pBmyB/5s3JZI=,vQ5gm0tXawOoLnIlJx3nn/ZhbfY=
-89,19,uoNUngetnqSijN/pBmyB/5s3JZI=,vQ5gm0tXawOoLnIlJx3nn/ZhbfY=
-89,17,uoNUngetnqSijN/pBmyB/5s3JZI=,vQ5gm0tXawOoLnIlJx3nn/ZhbfY=
-90,18,uoNUngetnqSijN/pBmyB/5s3JZI=,vQ5gm0tXawOoLnIlJx3nn/ZhbfY=
-89,22,uoNUngetnqSijN/pBmyB/5s3JZI=,vQ5gm0tXawOoLnIlJx3nn/ZhbfY=
-90,19,uoNUngetnqSijN/pBmyB/5s3JZI=,vQ5gm0tXawOoLnIlJx3nn/ZhbfY=
-90,17,uoNUngetnqSijN/pBmyB/5s3JZI=,vQ5gm0tXawOoLnIlJx3nn/ZhbfY=
-89,21,uoNUngetnqSijN/pBmyB/5s3JZI=,vQ5gm0tXawOoLnIlJx3nn/ZhbfY=
-89,20,uoNUngetnqSijN/pBmyB/5s3JZI=,vQ5gm0tXawOoLnIlJx3nn/ZhbfY=
-90,21,uoNUngetnqSijN/pBmyB/5s3JZI=,vQ5gm0tXawOoLnIlJx3nn/ZhbfY=
-90,22,uoNUngetnqSijN/pBmyB/5s3JZI=,vQ5gm0tXawOoLnIlJx3nn/ZhbfY=
-90,16,uoNUngetnqSijN/pBmyB/5s3JZI=,vQ5gm0tXawOoLnIlJx3nn/ZhbfY=
-89,16,uoNUngetnqSijN/pBmyB/5s3JZI=,vQ5gm0tXawOoLnIlJx3nn/ZhbfY=
-82,27,uoNUngetnqSijN/pBmyB/5s3JZI=,vy++wro3fKA1ScC2QbH3XjkvSwc=
-82,26,uoNUngetnqSijN/pBmyB/5s3JZI=,vy++wro3fKA1ScC2QbH3XjkvSwc=
-81,26,uoNUngetnqSijN/pBmyB/5s3JZI=,vy++wro3fKA1ScC2QbH3XjkvSwc=
-83,26,uoNUngetnqSijN/pBmyB/5s3JZI=,vy++wro3fKA1ScC2QbH3XjkvSwc=
-84,26,uoNUngetnqSijN/pBmyB/5s3JZI=,vy++wro3fKA1ScC2QbH3XjkvSwc=
-85,25,uoNUngetnqSijN/pBmyB/5s3JZI=,vy++wro3fKA1ScC2QbH3XjkvSwc=
-86,25,uoNUngetnqSijN/pBmyB/5s3JZI=,vy++wro3fKA1ScC2QbH3XjkvSwc=
-84,24,uoNUngetnqSijN/pBmyB/5s3JZI=,vy++wro3fKA1ScC2QbH3XjkvSwc=
-84,25,uoNUngetnqSijN/pBmyB/5s3JZI=,vy++wro3fKA1ScC2QbH3XjkvSwc=
-83,25,uoNUngetnqSijN/pBmyB/5s3JZI=,vy++wro3fKA1ScC2QbH3XjkvSwc=
-82,25,uoNUngetnqSijN/pBmyB/5s3JZI=,vy++wro3fKA1ScC2QbH3XjkvSwc=
-81,25,uoNUngetnqSijN/pBmyB/5s3JZI=,vy++wro3fKA1ScC2QbH3XjkvSwc=
-87,25,uoNUngetnqSijN/pBmyB/5s3JZI=,vy++wro3fKA1ScC2QbH3XjkvSwc=
-83,27,uoNUngetnqSijN/pBmyB/5s3JZI=,vy++wro3fKA1ScC2QbH3XjkvSwc=
-85,26,uoNUngetnqSijN/pBmyB/5s3JZI=,vy++wro3fKA1ScC2QbH3XjkvSwc=
-81,24,uoNUngetnqSijN/pBmyB/5s3JZI=,vy++wro3fKA1ScC2QbH3XjkvSwc=
-82,24,uoNUngetnqSijN/pBmyB/5s3JZI=,vy++wro3fKA1ScC2QbH3XjkvSwc=
-84,27,uoNUngetnqSijN/pBmyB/5s3JZI=,vy++wro3fKA1ScC2QbH3XjkvSwc=
-85,24,uoNUngetnqSijN/pBmyB/5s3JZI=,vy++wro3fKA1ScC2QbH3XjkvSwc=
-86,24,uoNUngetnqSijN/pBmyB/5s3JZI=,vy++wro3fKA1ScC2QbH3XjkvSwc=
-87,24,uoNUngetnqSijN/pBmyB/5s3JZI=,vy++wro3fKA1ScC2QbH3XjkvSwc=
-85,27,uoNUngetnqSijN/pBmyB/5s3JZI=,vy++wro3fKA1ScC2QbH3XjkvSwc=
-86,26,uoNUngetnqSijN/pBmyB/5s3JZI=,vy++wro3fKA1ScC2QbH3XjkvSwc=
-87,26,uoNUngetnqSijN/pBmyB/5s3JZI=,vy++wro3fKA1ScC2QbH3XjkvSwc=
-83,24,uoNUngetnqSijN/pBmyB/5s3JZI=,vy++wro3fKA1ScC2QbH3XjkvSwc=
-90,25,uoNUngetnqSijN/pBmyB/5s3JZI=,Qp8qZaCTjqLwCM+ZkFJPngZ+Yp0=
-89,25,uoNUngetnqSijN/pBmyB/5s3JZI=,Qp8qZaCTjqLwCM+ZkFJPngZ+Yp0=
-90,26,uoNUngetnqSijN/pBmyB/5s3JZI=,Qp8qZaCTjqLwCM+ZkFJPngZ+Yp0=
-89,26,uoNUngetnqSijN/pBmyB/5s3JZI=,Qp8qZaCTjqLwCM+ZkFJPngZ+Yp0=
-84,29,uoNUngetnqSijN/pBmyB/5s3JZI=,vy++wro3fKA1ScC2QbH3XjkvSwc=
-90,27,uoNUngetnqSijN/pBmyB/5s3JZI=,Qp8qZaCTjqLwCM+ZkFJPngZ+Yp0=
-81,28,uoNUngetnqSijN/pBmyB/5s3JZI=,vy++wro3fKA1ScC2QbH3XjkvSwc=
-82,28,uoNUngetnqSijN/pBmyB/5s3JZI=,vy++wro3fKA1ScC2QbH3XjkvSwc=
-84,30,uoNUngetnqSijN/pBmyB/5s3JZI=,vy++wro3fKA1ScC2QbH3XjkvSwc=
-83,28,uoNUngetnqSijN/pBmyB/5s3JZI=,vy++wro3fKA1ScC2QbH3XjkvSwc=
-88,28,uoNUngetnqSijN/pBmyB/5s3JZI=,vy++wro3fKA1ScC2QbH3XjkvSwc=
-81,27,uoNUngetnqSijN/pBmyB/5s3JZI=,vy++wro3fKA1ScC2QbH3XjkvSwc=
-84,28,uoNUngetnqSijN/pBmyB/5s3JZI=,vy++wro3fKA1ScC2QbH3XjkvSwc=
-88,31,uoNUngetnqSijN/pBmyB/5s3JZI=,vy++wro3fKA1ScC2QbH3XjkvSwc=
-88,30,uoNUngetnqSijN/pBmyB/5s3JZI=,vy++wro3fKA1ScC2QbH3XjkvSwc=
-86,27,uoNUngetnqSijN/pBmyB/5s3JZI=,vy++wro3fKA1ScC2QbH3XjkvSwc=
-83,30,uoNUngetnqSijN/pBmyB/5s3JZI=,vy++wro3fKA1ScC2QbH3XjkvSwc=
-89,24,uoNUngetnqSijN/pBmyB/5s3JZI=,Qp8qZaCTjqLwCM+ZkFJPngZ+Yp0=
-83,29,uoNUngetnqSijN/pBmyB/5s3JZI=,vy++wro3fKA1ScC2QbH3XjkvSwc=
-82,30,uoNUngetnqSijN/pBmyB/5s3JZI=,vy++wro3fKA1ScC2QbH3XjkvSwc=
-81,30,uoNUngetnqSijN/pBmyB/5s3JZI=,vy++wro3fKA1ScC2QbH3XjkvSwc=
-82,29,uoNUngetnqSijN/pBmyB/5s3JZI=,vy++wro3fKA1ScC2QbH3XjkvSwc=
-87,29,uoNUngetnqSijN/pBmyB/5s3JZI=,vy++wro3fKA1ScC2QbH3XjkvSwc=
-84,31,uoNUngetnqSijN/pBmyB/5s3JZI=,vy++wro3fKA1ScC2QbH3XjkvSwc=
-83,31,uoNUngetnqSijN/pBmyB/5s3JZI=,vy++wro3fKA1ScC2QbH3XjkvSwc=
-81,29,uoNUngetnqSijN/pBmyB/5s3JZI=,vy++wro3fKA1ScC2QbH3XjkvSwc=
-88,25,uoNUngetnqSijN/pBmyB/5s3JZI=,vy++wro3fKA1ScC2QbH3XjkvSwc=
-86,29,uoNUngetnqSijN/pBmyB/5s3JZI=,vy++wro3fKA1ScC2QbH3XjkvSwc=
-85,29,uoNUngetnqSijN/pBmyB/5s3JZI=,vy++wro3fKA1ScC2QbH3XjkvSwc=
-87,27,uoNUngetnqSijN/pBmyB/5s3JZI=,vy++wro3fKA1ScC2QbH3XjkvSwc=
-82,31,uoNUngetnqSijN/pBmyB/5s3JZI=,vy++wro3fKA1ScC2QbH3XjkvSwc=
-81,31,uoNUngetnqSijN/pBmyB/5s3JZI=,vy++wro3fKA1ScC2QbH3XjkvSwc=
-89,23,uoNUngetnqSijN/pBmyB/5s3JZI=,vQ5gm0tXawOoLnIlJx3nn/ZhbfY=
-85,28,uoNUngetnqSijN/pBmyB/5s3JZI=,vy++wro3fKA1ScC2QbH3XjkvSwc=
-89,29,uoNUngetnqSijN/pBmyB/5s3JZI=,Qp8qZaCTjqLwCM+ZkFJPngZ+Yp0=
-88,24,uoNUngetnqSijN/pBmyB/5s3JZI=,vy++wro3fKA1ScC2QbH3XjkvSwc=
-90,29,uoNUngetnqSijN/pBmyB/5s3JZI=,Qp8qZaCTjqLwCM+ZkFJPngZ+Yp0=
-86,28,uoNUngetnqSijN/pBmyB/5s3JZI=,vy++wro3fKA1ScC2QbH3XjkvSwc=
-90,24,uoNUngetnqSijN/pBmyB/5s3JZI=,Qp8qZaCTjqLwCM+ZkFJPngZ+Yp0=
-85,31,uoNUngetnqSijN/pBmyB/5s3JZI=,vy++wro3fKA1ScC2QbH3XjkvSwc=
-90,31,uoNUngetnqSijN/pBmyB/5s3JZI=,Qp8qZaCTjqLwCM+ZkFJPngZ+Yp0=
-88,29,uoNUngetnqSijN/pBmyB/5s3JZI=,vy++wro3fKA1ScC2QbH3XjkvSwc=
-88,26,uoNUngetnqSijN/pBmyB/5s3JZI=,vy++wro3fKA1ScC2QbH3XjkvSwc=
-89,31,uoNUngetnqSijN/pBmyB/5s3JZI=,Qp8qZaCTjqLwCM+ZkFJPngZ+Yp0=
-89,28,uoNUngetnqSijN/pBmyB/5s3JZI=,Qp8qZaCTjqLwCM+ZkFJPngZ+Yp0=
-88,27,uoNUngetnqSijN/pBmyB/5s3JZI=,vy++wro3fKA1ScC2QbH3XjkvSwc=
-90,30,uoNUngetnqSijN/pBmyB/5s3JZI=,Qp8qZaCTjqLwCM+ZkFJPngZ+Yp0=
-90,23,uoNUngetnqSijN/pBmyB/5s3JZI=,vQ5gm0tXawOoLnIlJx3nn/ZhbfY=
-89,30,uoNUngetnqSijN/pBmyB/5s3JZI=,Qp8qZaCTjqLwCM+ZkFJPngZ+Yp0=
-90,28,uoNUngetnqSijN/pBmyB/5s3JZI=,Qp8qZaCTjqLwCM+ZkFJPngZ+Yp0=
-86,31,uoNUngetnqSijN/pBmyB/5s3JZI=,vy++wro3fKA1ScC2QbH3XjkvSwc=
-89,27,uoNUngetnqSijN/pBmyB/5s3JZI=,Qp8qZaCTjqLwCM+ZkFJPngZ+Yp0=
-87,30,uoNUngetnqSijN/pBmyB/5s3JZI=,vy++wro3fKA1ScC2QbH3XjkvSwc=
-85,30,uoNUngetnqSijN/pBmyB/5s3JZI=,vy++wro3fKA1ScC2QbH3XjkvSwc=
-86,30,uoNUngetnqSijN/pBmyB/5s3JZI=,vy++wro3fKA1ScC2QbH3XjkvSwc=
-87,28,uoNUngetnqSijN/pBmyB/5s3JZI=,vy++wro3fKA1ScC2QbH3XjkvSwc=
-87,31,uoNUngetnqSijN/pBmyB/5s3JZI=,vy++wro3fKA1ScC2QbH3XjkvSwc=
-78,19,i7gma09we1kYNLDKrXolsbPxUPk=,K1HqNxDpbY+vEUruqX06SY/1okw=
-77,20,i7gma09we1kYNLDKrXolsbPxUPk=,K1HqNxDpbY+vEUruqX06SY/1okw=
-75,21,i7gma09we1kYNLDKrXolsbPxUPk=,K1HqNxDpbY+vEUruqX06SY/1okw=
-76,21,i7gma09we1kYNLDKrXolsbPxUPk=,K1HqNxDpbY+vEUruqX06SY/1okw=
-75,22,i7gma09we1kYNLDKrXolsbPxUPk=,K1HqNxDpbY+vEUruqX06SY/1okw=
-76,22,i7gma09we1kYNLDKrXolsbPxUPk=,K1HqNxDpbY+vEUruqX06SY/1okw=
-77,21,i7gma09we1kYNLDKrXolsbPxUPk=,K1HqNxDpbY+vEUruqX06SY/1okw=
-77,22,i7gma09we1kYNLDKrXolsbPxUPk=,K1HqNxDpbY+vEUruqX06SY/1okw=
-78,22,i7gma09we1kYNLDKrXolsbPxUPk=,K1HqNxDpbY+vEUruqX06SY/1okw=
-79,22,i7gma09we1kYNLDKrXolsbPxUPk=,K1HqNxDpbY+vEUruqX06SY/1okw=
-79,20,i7gma09we1kYNLDKrXolsbPxUPk=,K1HqNxDpbY+vEUruqX06SY/1okw=
-79,19,i7gma09we1kYNLDKrXolsbPxUPk=,K1HqNxDpbY+vEUruqX06SY/1okw=
-77,18,i7gma09we1kYNLDKrXolsbPxUPk=,K1HqNxDpbY+vEUruqX06SY/1okw=
-75,19,i7gma09we1kYNLDKrXolsbPxUPk=,K1HqNxDpbY+vEUruqX06SY/1okw=
-77,17,i7gma09we1kYNLDKrXolsbPxUPk=,K1HqNxDpbY+vEUruqX06SY/1okw=
-78,17,i7gma09we1kYNLDKrXolsbPxUPk=,K1HqNxDpbY+vEUruqX06SY/1okw=
-79,17,i7gma09we1kYNLDKrXolsbPxUPk=,K1HqNxDpbY+vEUruqX06SY/1okw=
-78,21,i7gma09we1kYNLDKrXolsbPxUPk=,K1HqNxDpbY+vEUruqX06SY/1okw=
-79,21,i7gma09we1kYNLDKrXolsbPxUPk=,K1HqNxDpbY+vEUruqX06SY/1okw=
-78,18,i7gma09we1kYNLDKrXolsbPxUPk=,K1HqNxDpbY+vEUruqX06SY/1okw=
-79,18,i7gma09we1kYNLDKrXolsbPxUPk=,K1HqNxDpbY+vEUruqX06SY/1okw=
-76,19,i7gma09we1kYNLDKrXolsbPxUPk=,K1HqNxDpbY+vEUruqX06SY/1okw=
-78,20,i7gma09we1kYNLDKrXolsbPxUPk=,K1HqNxDpbY+vEUruqX06SY/1okw=
-77,19,i7gma09we1kYNLDKrXolsbPxUPk=,K1HqNxDpbY+vEUruqX06SY/1okw=
-75,20,i7gma09we1kYNLDKrXolsbPxUPk=,K1HqNxDpbY+vEUruqX06SY/1okw=
-76,20,i7gma09we1kYNLDKrXolsbPxUPk=,K1HqNxDpbY+vEUruqX06SY/1okw=
-68,22,i7gma09we1kYNLDKrXolsbPxUPk=,10MOpyYbJfRWstA1PI2QaOdJnAU=
-67,22,i7gma09we1kYNLDKrXolsbPxUPk=,10MOpyYbJfRWstA1PI2QaOdJnAU=
-66,22,b/sKZ/iQFpSnX2h3Axq1l26n/0Y=,10MOpyYbJfRWstA1PI2QaOdJnAU=
-69,22,b/sKZ/iQFpSnX2h3Axq1l26n/0Y=,10MOpyYbJfRWstA1PI2QaOdJnAU=
-65,21,b/sKZ/iQFpSnX2h3Axq1l26n/0Y=,10MOpyYbJfRWstA1PI2QaOdJnAU=
-66,21,b/sKZ/iQFpSnX2h3Axq1l26n/0Y=,10MOpyYbJfRWstA1PI2QaOdJnAU=
-67,21,b/sKZ/iQFpSnX2h3Axq1l26n/0Y=,10MOpyYbJfRWstA1PI2QaOdJnAU=
-65,20,b/sKZ/iQFpSnX2h3Axq1l26n/0Y=,10MOpyYbJfRWstA1PI2QaOdJnAU=
-68,21,b/sKZ/iQFpSnX2h3Axq1l26n/0Y=,10MOpyYbJfRWstA1PI2QaOdJnAU=
-66,20,b/sKZ/iQFpSnX2h3Axq1l26n/0Y=,10MOpyYbJfRWstA1PI2QaOdJnAU=
-67,20,b/sKZ/iQFpSnX2h3Axq1l26n/0Y=,10MOpyYbJfRWstA1PI2QaOdJnAU=
-68,20,b/sKZ/iQFpSnX2h3Axq1l26n/0Y=,10MOpyYbJfRWstA1PI2QaOdJnAU=
-65,19,b/sKZ/iQFpSnX2h3Axq1l26n/0Y=,10MOpyYbJfRWstA1PI2QaOdJnAU=
-66,19,b/sKZ/iQFpSnX2h3Axq1l26n/0Y=,10MOpyYbJfRWstA1PI2QaOdJnAU=
-67,19,b/sKZ/iQFpSnX2h3Axq1l26n/0Y=,10MOpyYbJfRWstA1PI2QaOdJnAU=
-68,19,b/sKZ/iQFpSnX2h3Axq1l26n/0Y=,10MOpyYbJfRWstA1PI2QaOdJnAU=
-66,18,b/sKZ/iQFpSnX2h3Axq1l26n/0Y=,10MOpyYbJfRWstA1PI2QaOdJnAU=
-65,18,b/sKZ/iQFpSnX2h3Axq1l26n/0Y=,10MOpyYbJfRWstA1PI2QaOdJnAU=
-67,18,b/sKZ/iQFpSnX2h3Axq1l26n/0Y=,10MOpyYbJfRWstA1PI2QaOdJnAU=
-68,18,b/sKZ/iQFpSnX2h3Axq1l26n/0Y=,10MOpyYbJfRWstA1PI2QaOdJnAU=
-65,22,b/sKZ/iQFpSnX2h3Axq1l26n/0Y=,10MOpyYbJfRWstA1PI2QaOdJnAU=
-68,25,b/sKZ/iQFpSnX2h3Axq1l26n/0Y=,vl4kBaSWhhkLnwyg1H9a7BjG62U=
-67,25,TnfpcCxEQlOpxgeQKbOgqIakVG4=,vl4kBaSWhhkLnwyg1H9a7BjG62U=
-66,25,TnfpcCxEQlOpxgeQKbOgqIakVG4=,vl4kBaSWhhkLnwyg1H9a7BjG62U=
-65,25,TnfpcCxEQlOpxgeQKbOgqIakVG4=,vl4kBaSWhhkLnwyg1H9a7BjG62U=
-69,23,TnfpcCxEQlOpxgeQKbOgqIakVG4=,10MOpyYbJfRWstA1PI2QaOdJnAU=
-68,23,TnfpcCxEQlOpxgeQKbOgqIakVG4=,10MOpyYbJfRWstA1PI2QaOdJnAU=
-67,23,TnfpcCxEQlOpxgeQKbOgqIakVG4=,10MOpyYbJfRWstA1PI2QaOdJnAU=
-66,23,TnfpcCxEQlOpxgeQKbOgqIakVG4=,10MOpyYbJfRWstA1PI2QaOdJnAU=
-71,24,TnfpcCxEQlOpxgeQKbOgqIakVG4=,vl4kBaSWhhkLnwyg1H9a7BjG62U=
-65,23,TnfpcCxEQlOpxgeQKbOgqIakVG4=,10MOpyYbJfRWstA1PI2QaOdJnAU=
-70,24,TnfpcCxEQlOpxgeQKbOgqIakVG4=,vl4kBaSWhhkLnwyg1H9a7BjG62U=
-69,24,TnfpcCxEQlOpxgeQKbOgqIakVG4=,vl4kBaSWhhkLnwyg1H9a7BjG62U=
-67,24,TnfpcCxEQlOpxgeQKbOgqIakVG4=,vl4kBaSWhhkLnwyg1H9a7BjG62U=
-68,24,TnfpcCxEQlOpxgeQKbOgqIakVG4=,vl4kBaSWhhkLnwyg1H9a7BjG62U=
-66,24,TnfpcCxEQlOpxgeQKbOgqIakVG4=,vl4kBaSWhhkLnwyg1H9a7BjG62U=
-65,24,TnfpcCxEQlOpxgeQKbOgqIakVG4=,vl4kBaSWhhkLnwyg1H9a7BjG62U=
-71,25,TnfpcCxEQlOpxgeQKbOgqIakVG4=,vl4kBaSWhhkLnwyg1H9a7BjG62U=
-79,25,TnfpcCxEQlOpxgeQKbOgqIakVG4=,izyb6fAHVmI7dhTW1rLNgxfIB10=
-78,25,TnfpcCxEQlOpxgeQKbOgqIakVG4=,izyb6fAHVmI7dhTW1rLNgxfIB10=
-79,23,TnfpcCxEQlOpxgeQKbOgqIakVG4=,K1HqNxDpbY+vEUruqX06SY/1okw=
-77,25,TnfpcCxEQlOpxgeQKbOgqIakVG4=,izyb6fAHVmI7dhTW1rLNgxfIB10=
-76,25,TnfpcCxEQlOpxgeQKbOgqIakVG4=,izyb6fAHVmI7dhTW1rLNgxfIB10=
-78,23,TnfpcCxEQlOpxgeQKbOgqIakVG4=,K1HqNxDpbY+vEUruqX06SY/1okw=
-72,26,TnfpcCxEQlOpxgeQKbOgqIakVG4=,vl4kBaSWhhkLnwyg1H9a7BjG62U=
-77,23,TnfpcCxEQlOpxgeQKbOgqIakVG4=,K1HqNxDpbY+vEUruqX06SY/1okw=
-75,25,TnfpcCxEQlOpxgeQKbOgqIakVG4=,izyb6fAHVmI7dhTW1rLNgxfIB10=
-74,25,TnfpcCxEQlOpxgeQKbOgqIakVG4=,izyb6fAHVmI7dhTW1rLNgxfIB10=
-76,23,TnfpcCxEQlOpxgeQKbOgqIakVG4=,K1HqNxDpbY+vEUruqX06SY/1okw=
-73,25,TnfpcCxEQlOpxgeQKbOgqIakVG4=,izyb6fAHVmI7dhTW1rLNgxfIB10=
-79,26,TnfpcCxEQlOpxgeQKbOgqIakVG4=,izyb6fAHVmI7dhTW1rLNgxfIB10=
-75,23,TnfpcCxEQlOpxgeQKbOgqIakVG4=,K1HqNxDpbY+vEUruqX06SY/1okw=
-78,26,TnfpcCxEQlOpxgeQKbOgqIakVG4=,izyb6fAHVmI7dhTW1rLNgxfIB10=
-77,26,TnfpcCxEQlOpxgeQKbOgqIakVG4=,izyb6fAHVmI7dhTW1rLNgxfIB10=
-76,26,TnfpcCxEQlOpxgeQKbOgqIakVG4=,izyb6fAHVmI7dhTW1rLNgxfIB10=
-75,26,TnfpcCxEQlOpxgeQKbOgqIakVG4=,izyb6fAHVmI7dhTW1rLNgxfIB10=
-74,26,TnfpcCxEQlOpxgeQKbOgqIakVG4=,izyb6fAHVmI7dhTW1rLNgxfIB10=
-79,24,TnfpcCxEQlOpxgeQKbOgqIakVG4=,izyb6fAHVmI7dhTW1rLNgxfIB10=
-73,26,TnfpcCxEQlOpxgeQKbOgqIakVG4=,izyb6fAHVmI7dhTW1rLNgxfIB10=
-78,24,TnfpcCxEQlOpxgeQKbOgqIakVG4=,izyb6fAHVmI7dhTW1rLNgxfIB10=
-77,27,TnfpcCxEQlOpxgeQKbOgqIakVG4=,izyb6fAHVmI7dhTW1rLNgxfIB10=
-77,24,TnfpcCxEQlOpxgeQKbOgqIakVG4=,izyb6fAHVmI7dhTW1rLNgxfIB10=
-76,24,TnfpcCxEQlOpxgeQKbOgqIakVG4=,izyb6fAHVmI7dhTW1rLNgxfIB10=
-75,24,TnfpcCxEQlOpxgeQKbOgqIakVG4=,izyb6fAHVmI7dhTW1rLNgxfIB10=
-74,24,TnfpcCxEQlOpxgeQKbOgqIakVG4=,izyb6fAHVmI7dhTW1rLNgxfIB10=
-72,24,TnfpcCxEQlOpxgeQKbOgqIakVG4=,vl4kBaSWhhkLnwyg1H9a7BjG62U=
-65,27,TnfpcCxEQlOpxgeQKbOgqIakVG4=,vl4kBaSWhhkLnwyg1H9a7BjG62U=
-72,23,TnfpcCxEQlOpxgeQKbOgqIakVG4=,10MOpyYbJfRWstA1PI2QaOdJnAU=
-66,27,TnfpcCxEQlOpxgeQKbOgqIakVG4=,vl4kBaSWhhkLnwyg1H9a7BjG62U=
-70,23,TnfpcCxEQlOpxgeQKbOgqIakVG4=,10MOpyYbJfRWstA1PI2QaOdJnAU=
-67,27,TnfpcCxEQlOpxgeQKbOgqIakVG4=,vl4kBaSWhhkLnwyg1H9a7BjG62U=
-71,23,TnfpcCxEQlOpxgeQKbOgqIakVG4=,10MOpyYbJfRWstA1PI2QaOdJnAU=
-68,27,TnfpcCxEQlOpxgeQKbOgqIakVG4=,vl4kBaSWhhkLnwyg1H9a7BjG62U=
-73,20,TnfpcCxEQlOpxgeQKbOgqIakVG4=,K1HqNxDpbY+vEUruqX06SY/1okw=
-65,26,TnfpcCxEQlOpxgeQKbOgqIakVG4=,vl4kBaSWhhkLnwyg1H9a7BjG62U=
-66,26,TnfpcCxEQlOpxgeQKbOgqIakVG4=,vl4kBaSWhhkLnwyg1H9a7BjG62U=
-72,20,TnfpcCxEQlOpxgeQKbOgqIakVG4=,10MOpyYbJfRWstA1PI2QaOdJnAU=
-80,18,TnfpcCxEQlOpxgeQKbOgqIakVG4=,K1HqNxDpbY+vEUruqX06SY/1okw=
-80,21,TnfpcCxEQlOpxgeQKbOgqIakVG4=,K1HqNxDpbY+vEUruqX06SY/1okw=
-80,17,TnfpcCxEQlOpxgeQKbOgqIakVG4=,K1HqNxDpbY+vEUruqX06SY/1okw=
-80,19,TnfpcCxEQlOpxgeQKbOgqIakVG4=,K1HqNxDpbY+vEUruqX06SY/1okw=
-80,20,TnfpcCxEQlOpxgeQKbOgqIakVG4=,K1HqNxDpbY+vEUruqX06SY/1okw=
-80,22,TnfpcCxEQlOpxgeQKbOgqIakVG4=,K1HqNxDpbY+vEUruqX06SY/1okw=
-67,26,TnfpcCxEQlOpxgeQKbOgqIakVG4=,vl4kBaSWhhkLnwyg1H9a7BjG62U=
-71,20,TnfpcCxEQlOpxgeQKbOgqIakVG4=,10MOpyYbJfRWstA1PI2QaOdJnAU=
-68,26,TnfpcCxEQlOpxgeQKbOgqIakVG4=,vl4kBaSWhhkLnwyg1H9a7BjG62U=
-70,25,TnfpcCxEQlOpxgeQKbOgqIakVG4=,vl4kBaSWhhkLnwyg1H9a7BjG62U=
-69,25,TnfpcCxEQlOpxgeQKbOgqIakVG4=,vl4kBaSWhhkLnwyg1H9a7BjG62U=
-70,20,TnfpcCxEQlOpxgeQKbOgqIakVG4=,10MOpyYbJfRWstA1PI2QaOdJnAU=
-69,20,TnfpcCxEQlOpxgeQKbOgqIakVG4=,10MOpyYbJfRWstA1PI2QaOdJnAU=
-72,21,TnfpcCxEQlOpxgeQKbOgqIakVG4=,10MOpyYbJfRWstA1PI2QaOdJnAU=
-80,25,TnfpcCxEQlOpxgeQKbOgqIakVG4=,izyb6fAHVmI7dhTW1rLNgxfIB10=
-80,23,TnfpcCxEQlOpxgeQKbOgqIakVG4=,K1HqNxDpbY+vEUruqX06SY/1okw=
-80,26,TnfpcCxEQlOpxgeQKbOgqIakVG4=,izyb6fAHVmI7dhTW1rLNgxfIB10=
-80,24,TnfpcCxEQlOpxgeQKbOgqIakVG4=,izyb6fAHVmI7dhTW1rLNgxfIB10=
-71,21,TnfpcCxEQlOpxgeQKbOgqIakVG4=,10MOpyYbJfRWstA1PI2QaOdJnAU=
-70,21,TnfpcCxEQlOpxgeQKbOgqIakVG4=,10MOpyYbJfRWstA1PI2QaOdJnAU=
-69,21,TnfpcCxEQlOpxgeQKbOgqIakVG4=,10MOpyYbJfRWstA1PI2QaOdJnAU=
-66,31,TnfpcCxEQlOpxgeQKbOgqIakVG4=,vl4kBaSWhhkLnwyg1H9a7BjG62U=
-67,31,TnfpcCxEQlOpxgeQKbOgqIakVG4=,vl4kBaSWhhkLnwyg1H9a7BjG62U=
-73,24,TnfpcCxEQlOpxgeQKbOgqIakVG4=,izyb6fAHVmI7dhTW1rLNgxfIB10=
-73,23,TnfpcCxEQlOpxgeQKbOgqIakVG4=,K1HqNxDpbY+vEUruqX06SY/1okw=
-74,23,TnfpcCxEQlOpxgeQKbOgqIakVG4=,K1HqNxDpbY+vEUruqX06SY/1okw=
-72,25,TnfpcCxEQlOpxgeQKbOgqIakVG4=,vl4kBaSWhhkLnwyg1H9a7BjG62U=
-68,31,TnfpcCxEQlOpxgeQKbOgqIakVG4=,vl4kBaSWhhkLnwyg1H9a7BjG62U=
-65,31,TnfpcCxEQlOpxgeQKbOgqIakVG4=,vl4kBaSWhhkLnwyg1H9a7BjG62U=
-65,30,TnfpcCxEQlOpxgeQKbOgqIakVG4=,vl4kBaSWhhkLnwyg1H9a7BjG62U=
-73,21,TnfpcCxEQlOpxgeQKbOgqIakVG4=,K1HqNxDpbY+vEUruqX06SY/1okw=
-66,30,TnfpcCxEQlOpxgeQKbOgqIakVG4=,vl4kBaSWhhkLnwyg1H9a7BjG62U=
-67,30,TnfpcCxEQlOpxgeQKbOgqIakVG4=,vl4kBaSWhhkLnwyg1H9a7BjG62U=
-72,22,TnfpcCxEQlOpxgeQKbOgqIakVG4=,10MOpyYbJfRWstA1PI2QaOdJnAU=
-73,22,TnfpcCxEQlOpxgeQKbOgqIakVG4=,K1HqNxDpbY+vEUruqX06SY/1okw=
-68,30,TnfpcCxEQlOpxgeQKbOgqIakVG4=,vl4kBaSWhhkLnwyg1H9a7BjG62U=
-65,29,TnfpcCxEQlOpxgeQKbOgqIakVG4=,vl4kBaSWhhkLnwyg1H9a7BjG62U=
-71,22,TnfpcCxEQlOpxgeQKbOgqIakVG4=,10MOpyYbJfRWstA1PI2QaOdJnAU=
-66,29,TnfpcCxEQlOpxgeQKbOgqIakVG4=,vl4kBaSWhhkLnwyg1H9a7BjG62U=
-69,31,TnfpcCxEQlOpxgeQKbOgqIakVG4=,vl4kBaSWhhkLnwyg1H9a7BjG62U=
-67,29,TnfpcCxEQlOpxgeQKbOgqIakVG4=,vl4kBaSWhhkLnwyg1H9a7BjG62U=
-70,31,TnfpcCxEQlOpxgeQKbOgqIakVG4=,vl4kBaSWhhkLnwyg1H9a7BjG62U=
-68,29,TnfpcCxEQlOpxgeQKbOgqIakVG4=,vl4kBaSWhhkLnwyg1H9a7BjG62U=
-70,22,TnfpcCxEQlOpxgeQKbOgqIakVG4=,10MOpyYbJfRWstA1PI2QaOdJnAU=
-71,31,TnfpcCxEQlOpxgeQKbOgqIakVG4=,vl4kBaSWhhkLnwyg1H9a7BjG62U=
-74,21,TnfpcCxEQlOpxgeQKbOgqIakVG4=,K1HqNxDpbY+vEUruqX06SY/1okw=
-72,31,TnfpcCxEQlOpxgeQKbOgqIakVG4=,vl4kBaSWhhkLnwyg1H9a7BjG62U=
-65,28,TnfpcCxEQlOpxgeQKbOgqIakVG4=,vl4kBaSWhhkLnwyg1H9a7BjG62U=
-74,20,TnfpcCxEQlOpxgeQKbOgqIakVG4=,K1HqNxDpbY+vEUruqX06SY/1okw=
-74,22,TnfpcCxEQlOpxgeQKbOgqIakVG4=,K1HqNxDpbY+vEUruqX06SY/1okw=
-72,30,TnfpcCxEQlOpxgeQKbOgqIakVG4=,vl4kBaSWhhkLnwyg1H9a7BjG62U=
-80,31,TnfpcCxEQlOpxgeQKbOgqIakVG4=,izyb6fAHVmI7dhTW1rLNgxfIB10=
-66,28,TnfpcCxEQlOpxgeQKbOgqIakVG4=,vl4kBaSWhhkLnwyg1H9a7BjG62U=
-72,29,TnfpcCxEQlOpxgeQKbOgqIakVG4=,vl4kBaSWhhkLnwyg1H9a7BjG62U=
-80,30,TnfpcCxEQlOpxgeQKbOgqIakVG4=,izyb6fAHVmI7dhTW1rLNgxfIB10=
-67,28,TnfpcCxEQlOpxgeQKbOgqIakVG4=,vl4kBaSWhhkLnwyg1H9a7BjG62U=
-72,28,TnfpcCxEQlOpxgeQKbOgqIakVG4=,vl4kBaSWhhkLnwyg1H9a7BjG62U=
-80,29,TnfpcCxEQlOpxgeQKbOgqIakVG4=,izyb6fAHVmI7dhTW1rLNgxfIB10=
-72,27,TnfpcCxEQlOpxgeQKbOgqIakVG4=,vl4kBaSWhhkLnwyg1H9a7BjG62U=
-68,28,TnfpcCxEQlOpxgeQKbOgqIakVG4=,vl4kBaSWhhkLnwyg1H9a7BjG62U=
-71,26,TnfpcCxEQlOpxgeQKbOgqIakVG4=,vl4kBaSWhhkLnwyg1H9a7BjG62U=
-80,28,TnfpcCxEQlOpxgeQKbOgqIakVG4=,izyb6fAHVmI7dhTW1rLNgxfIB10=
-69,30,TnfpcCxEQlOpxgeQKbOgqIakVG4=,vl4kBaSWhhkLnwyg1H9a7BjG62U=
-80,27,TnfpcCxEQlOpxgeQKbOgqIakVG4=,izyb6fAHVmI7dhTW1rLNgxfIB10=
-70,26,TnfpcCxEQlOpxgeQKbOgqIakVG4=,vl4kBaSWhhkLnwyg1H9a7BjG62U=
-70,30,TnfpcCxEQlOpxgeQKbOgqIakVG4=,vl4kBaSWhhkLnwyg1H9a7BjG62U=
-73,31,TnfpcCxEQlOpxgeQKbOgqIakVG4=,izyb6fAHVmI7dhTW1rLNgxfIB10=
-69,26,TnfpcCxEQlOpxgeQKbOgqIakVG4=,vl4kBaSWhhkLnwyg1H9a7BjG62U=
-71,30,TnfpcCxEQlOpxgeQKbOgqIakVG4=,vl4kBaSWhhkLnwyg1H9a7BjG62U=
-74,31,TnfpcCxEQlOpxgeQKbOgqIakVG4=,izyb6fAHVmI7dhTW1rLNgxfIB10=
-71,27,TnfpcCxEQlOpxgeQKbOgqIakVG4=,vl4kBaSWhhkLnwyg1H9a7BjG62U=
-75,31,TnfpcCxEQlOpxgeQKbOgqIakVG4=,izyb6fAHVmI7dhTW1rLNgxfIB10=
-69,29,TnfpcCxEQlOpxgeQKbOgqIakVG4=,vl4kBaSWhhkLnwyg1H9a7BjG62U=
-76,31,TnfpcCxEQlOpxgeQKbOgqIakVG4=,izyb6fAHVmI7dhTW1rLNgxfIB10=
-70,27,TnfpcCxEQlOpxgeQKbOgqIakVG4=,vl4kBaSWhhkLnwyg1H9a7BjG62U=
-77,31,TnfpcCxEQlOpxgeQKbOgqIakVG4=,izyb6fAHVmI7dhTW1rLNgxfIB10=
-70,29,TnfpcCxEQlOpxgeQKbOgqIakVG4=,vl4kBaSWhhkLnwyg1H9a7BjG62U=
-71,29,TnfpcCxEQlOpxgeQKbOgqIakVG4=,vl4kBaSWhhkLnwyg1H9a7BjG62U=
-78,31,TnfpcCxEQlOpxgeQKbOgqIakVG4=,izyb6fAHVmI7dhTW1rLNgxfIB10=
-69,28,TnfpcCxEQlOpxgeQKbOgqIakVG4=,vl4kBaSWhhkLnwyg1H9a7BjG62U=
-69,27,TnfpcCxEQlOpxgeQKbOgqIakVG4=,vl4kBaSWhhkLnwyg1H9a7BjG62U=
-79,31,TnfpcCxEQlOpxgeQKbOgqIakVG4=,izyb6fAHVmI7dhTW1rLNgxfIB10=
-78,27,TnfpcCxEQlOpxgeQKbOgqIakVG4=,izyb6fAHVmI7dhTW1rLNgxfIB10=
-79,27,TnfpcCxEQlOpxgeQKbOgqIakVG4=,izyb6fAHVmI7dhTW1rLNgxfIB10=
-70,28,TnfpcCxEQlOpxgeQKbOgqIakVG4=,vl4kBaSWhhkLnwyg1H9a7BjG62U=
-76,27,TnfpcCxEQlOpxgeQKbOgqIakVG4=,izyb6fAHVmI7dhTW1rLNgxfIB10=
-73,30,TnfpcCxEQlOpxgeQKbOgqIakVG4=,izyb6fAHVmI7dhTW1rLNgxfIB10=
-71,28,TnfpcCxEQlOpxgeQKbOgqIakVG4=,vl4kBaSWhhkLnwyg1H9a7BjG62U=
-75,27,TnfpcCxEQlOpxgeQKbOgqIakVG4=,izyb6fAHVmI7dhTW1rLNgxfIB10=
-74,27,TnfpcCxEQlOpxgeQKbOgqIakVG4=,izyb6fAHVmI7dhTW1rLNgxfIB10=
-73,27,TnfpcCxEQlOpxgeQKbOgqIakVG4=,izyb6fAHVmI7dhTW1rLNgxfIB10=
-74,30,TnfpcCxEQlOpxgeQKbOgqIakVG4=,izyb6fAHVmI7dhTW1rLNgxfIB10=
-79,28,TnfpcCxEQlOpxgeQKbOgqIakVG4=,izyb6fAHVmI7dhTW1rLNgxfIB10=
-78,28,TnfpcCxEQlOpxgeQKbOgqIakVG4=,izyb6fAHVmI7dhTW1rLNgxfIB10=
-75,30,TnfpcCxEQlOpxgeQKbOgqIakVG4=,izyb6fAHVmI7dhTW1rLNgxfIB10=
-77,28,TnfpcCxEQlOpxgeQKbOgqIakVG4=,izyb6fAHVmI7dhTW1rLNgxfIB10=
-76,28,TnfpcCxEQlOpxgeQKbOgqIakVG4=,izyb6fAHVmI7dhTW1rLNgxfIB10=
-76,30,TnfpcCxEQlOpxgeQKbOgqIakVG4=,izyb6fAHVmI7dhTW1rLNgxfIB10=
-75,28,TnfpcCxEQlOpxgeQKbOgqIakVG4=,izyb6fAHVmI7dhTW1rLNgxfIB10=
-74,28,TnfpcCxEQlOpxgeQKbOgqIakVG4=,izyb6fAHVmI7dhTW1rLNgxfIB10=
-77,30,TnfpcCxEQlOpxgeQKbOgqIakVG4=,izyb6fAHVmI7dhTW1rLNgxfIB10=
-73,28,TnfpcCxEQlOpxgeQKbOgqIakVG4=,izyb6fAHVmI7dhTW1rLNgxfIB10=
-78,30,TnfpcCxEQlOpxgeQKbOgqIakVG4=,izyb6fAHVmI7dhTW1rLNgxfIB10=
-79,29,TnfpcCxEQlOpxgeQKbOgqIakVG4=,izyb6fAHVmI7dhTW1rLNgxfIB10=
-78,29,TnfpcCxEQlOpxgeQKbOgqIakVG4=,izyb6fAHVmI7dhTW1rLNgxfIB10=
-79,30,TnfpcCxEQlOpxgeQKbOgqIakVG4=,izyb6fAHVmI7dhTW1rLNgxfIB10=
-77,29,TnfpcCxEQlOpxgeQKbOgqIakVG4=,izyb6fAHVmI7dhTW1rLNgxfIB10=
-76,29,TnfpcCxEQlOpxgeQKbOgqIakVG4=,izyb6fAHVmI7dhTW1rLNgxfIB10=
-75,29,TnfpcCxEQlOpxgeQKbOgqIakVG4=,izyb6fAHVmI7dhTW1rLNgxfIB10=
-74,29,TnfpcCxEQlOpxgeQKbOgqIakVG4=,izyb6fAHVmI7dhTW1rLNgxfIB10=
-73,29,TnfpcCxEQlOpxgeQKbOgqIakVG4=,izyb6fAHVmI7dhTW1rLNgxfIB10=
-78,16,TnfpcCxEQlOpxgeQKbOgqIakVG4=,K1HqNxDpbY+vEUruqX06SY/1okw=
-80,16,TnfpcCxEQlOpxgeQKbOgqIakVG4=,K1HqNxDpbY+vEUruqX06SY/1okw=
-77,16,TnfpcCxEQlOpxgeQKbOgqIakVG4=,K1HqNxDpbY+vEUruqX06SY/1okw=
-79,16,TnfpcCxEQlOpxgeQKbOgqIakVG4=,K1HqNxDpbY+vEUruqX06SY/1okw=
-72,16,TnfpcCxEQlOpxgeQKbOgqIakVG4=,10MOpyYbJfRWstA1PI2QaOdJnAU=
-73,16,TnfpcCxEQlOpxgeQKbOgqIakVG4=,K1HqNxDpbY+vEUruqX06SY/1okw=
-74,16,TnfpcCxEQlOpxgeQKbOgqIakVG4=,K1HqNxDpbY+vEUruqX06SY/1okw=
-71,16,TnfpcCxEQlOpxgeQKbOgqIakVG4=,10MOpyYbJfRWstA1PI2QaOdJnAU=
-65,16,TnfpcCxEQlOpxgeQKbOgqIakVG4=,10MOpyYbJfRWstA1PI2QaOdJnAU=
-70,16,TnfpcCxEQlOpxgeQKbOgqIakVG4=,10MOpyYbJfRWstA1PI2QaOdJnAU=
-75,16,TnfpcCxEQlOpxgeQKbOgqIakVG4=,K1HqNxDpbY+vEUruqX06SY/1okw=
-66,16,TnfpcCxEQlOpxgeQKbOgqIakVG4=,10MOpyYbJfRWstA1PI2QaOdJnAU=
-69,16,TnfpcCxEQlOpxgeQKbOgqIakVG4=,10MOpyYbJfRWstA1PI2QaOdJnAU=
-76,16,TnfpcCxEQlOpxgeQKbOgqIakVG4=,K1HqNxDpbY+vEUruqX06SY/1okw=
-67,16,TnfpcCxEQlOpxgeQKbOgqIakVG4=,10MOpyYbJfRWstA1PI2QaOdJnAU=
-68,16,TnfpcCxEQlOpxgeQKbOgqIakVG4=,10MOpyYbJfRWstA1PI2QaOdJnAU=
-74,17,TnfpcCxEQlOpxgeQKbOgqIakVG4=,K1HqNxDpbY+vEUruqX06SY/1okw=
-72,17,TnfpcCxEQlOpxgeQKbOgqIakVG4=,10MOpyYbJfRWstA1PI2QaOdJnAU=
-76,17,TnfpcCxEQlOpxgeQKbOgqIakVG4=,K1HqNxDpbY+vEUruqX06SY/1okw=
-75,17,TnfpcCxEQlOpxgeQKbOgqIakVG4=,K1HqNxDpbY+vEUruqX06SY/1okw=
-71,17,TnfpcCxEQlOpxgeQKbOgqIakVG4=,10MOpyYbJfRWstA1PI2QaOdJnAU=
-76,18,TnfpcCxEQlOpxgeQKbOgqIakVG4=,K1HqNxDpbY+vEUruqX06SY/1okw=
-74,18,TnfpcCxEQlOpxgeQKbOgqIakVG4=,K1HqNxDpbY+vEUruqX06SY/1okw=
-74,19,TnfpcCxEQlOpxgeQKbOgqIakVG4=,K1HqNxDpbY+vEUruqX06SY/1okw=
-73,17,TnfpcCxEQlOpxgeQKbOgqIakVG4=,K1HqNxDpbY+vEUruqX06SY/1okw=
-69,19,TnfpcCxEQlOpxgeQKbOgqIakVG4=,10MOpyYbJfRWstA1PI2QaOdJnAU=
-73,19,TnfpcCxEQlOpxgeQKbOgqIakVG4=,K1HqNxDpbY+vEUruqX06SY/1okw=
-75,18,TnfpcCxEQlOpxgeQKbOgqIakVG4=,K1HqNxDpbY+vEUruqX06SY/1okw=
-69,18,TnfpcCxEQlOpxgeQKbOgqIakVG4=,10MOpyYbJfRWstA1PI2QaOdJnAU=
-70,17,TnfpcCxEQlOpxgeQKbOgqIakVG4=,10MOpyYbJfRWstA1PI2QaOdJnAU=
-72,19,TnfpcCxEQlOpxgeQKbOgqIakVG4=,10MOpyYbJfRWstA1PI2QaOdJnAU=
-73,18,TnfpcCxEQlOpxgeQKbOgqIakVG4=,K1HqNxDpbY+vEUruqX06SY/1okw=
-70,19,TnfpcCxEQlOpxgeQKbOgqIakVG4=,10MOpyYbJfRWstA1PI2QaOdJnAU=
-71,19,TnfpcCxEQlOpxgeQKbOgqIakVG4=,10MOpyYbJfRWstA1PI2QaOdJnAU=
-68,17,TnfpcCxEQlOpxgeQKbOgqIakVG4=,10MOpyYbJfRWstA1PI2QaOdJnAU=
-69,17,TnfpcCxEQlOpxgeQKbOgqIakVG4=,10MOpyYbJfRWstA1PI2QaOdJnAU=
-67,17,TnfpcCxEQlOpxgeQKbOgqIakVG4=,10MOpyYbJfRWstA1PI2QaOdJnAU=
-66,17,TnfpcCxEQlOpxgeQKbOgqIakVG4=,10MOpyYbJfRWstA1PI2QaOdJnAU=
-70,18,TnfpcCxEQlOpxgeQKbOgqIakVG4=,10MOpyYbJfRWstA1PI2QaOdJnAU=
-65,17,TnfpcCxEQlOpxgeQKbOgqIakVG4=,10MOpyYbJfRWstA1PI2QaOdJnAU=
-71,18,TnfpcCxEQlOpxgeQKbOgqIakVG4=,10MOpyYbJfRWstA1PI2QaOdJnAU=
-72,18,TnfpcCxEQlOpxgeQKbOgqIakVG4=,10MOpyYbJfRWstA1PI2QaOdJnAU=
-76,4,BxxjtArpnSTAaEYqPCKxDC44R6g=,hOEAEB0PeUwV1QMO+aMnXb1DFP4=
-75,2,BxxjtArpnSTAaEYqPCKxDC44R6g=,hOEAEB0PeUwV1QMO+aMnXb1DFP4=
-74,2,BxxjtArpnSTAaEYqPCKxDC44R6g=,hOEAEB0PeUwV1QMO+aMnXb1DFP4=
-75,1,BxxjtArpnSTAaEYqPCKxDC44R6g=,hOEAEB0PeUwV1QMO+aMnXb1DFP4=
-77,6,BxxjtArpnSTAaEYqPCKxDC44R6g=,hOEAEB0PeUwV1QMO+aMnXb1DFP4=
-79,3,BxxjtArpnSTAaEYqPCKxDC44R6g=,hOEAEB0PeUwV1QMO+aMnXb1DFP4=
-77,4,BxxjtArpnSTAaEYqPCKxDC44R6g=,hOEAEB0PeUwV1QMO+aMnXb1DFP4=
-77,5,BxxjtArpnSTAaEYqPCKxDC44R6g=,hOEAEB0PeUwV1QMO+aMnXb1DFP4=
-78,5,BxxjtArpnSTAaEYqPCKxDC44R6g=,hOEAEB0PeUwV1QMO+aMnXb1DFP4=
-78,4,BxxjtArpnSTAaEYqPCKxDC44R6g=,hOEAEB0PeUwV1QMO+aMnXb1DFP4=
-76,5,BxxjtArpnSTAaEYqPCKxDC44R6g=,hOEAEB0PeUwV1QMO+aMnXb1DFP4=
-76,2,BxxjtArpnSTAaEYqPCKxDC44R6g=,hOEAEB0PeUwV1QMO+aMnXb1DFP4=
-76,1,BxxjtArpnSTAaEYqPCKxDC44R6g=,hOEAEB0PeUwV1QMO+aMnXb1DFP4=
-77,1,BxxjtArpnSTAaEYqPCKxDC44R6g=,hOEAEB0PeUwV1QMO+aMnXb1DFP4=
-74,3,BxxjtArpnSTAaEYqPCKxDC44R6g=,hOEAEB0PeUwV1QMO+aMnXb1DFP4=
-78,1,BxxjtArpnSTAaEYqPCKxDC44R6g=,hOEAEB0PeUwV1QMO+aMnXb1DFP4=
-79,1,BxxjtArpnSTAaEYqPCKxDC44R6g=,hOEAEB0PeUwV1QMO+aMnXb1DFP4=
-75,3,BxxjtArpnSTAaEYqPCKxDC44R6g=,hOEAEB0PeUwV1QMO+aMnXb1DFP4=
-76,3,BxxjtArpnSTAaEYqPCKxDC44R6g=,hOEAEB0PeUwV1QMO+aMnXb1DFP4=
-75,4,BxxjtArpnSTAaEYqPCKxDC44R6g=,hOEAEB0PeUwV1QMO+aMnXb1DFP4=
-77,2,BxxjtArpnSTAaEYqPCKxDC44R6g=,hOEAEB0PeUwV1QMO+aMnXb1DFP4=
-77,3,BxxjtArpnSTAaEYqPCKxDC44R6g=,hOEAEB0PeUwV1QMO+aMnXb1DFP4=
-78,2,BxxjtArpnSTAaEYqPCKxDC44R6g=,hOEAEB0PeUwV1QMO+aMnXb1DFP4=
-79,2,BxxjtArpnSTAaEYqPCKxDC44R6g=,hOEAEB0PeUwV1QMO+aMnXb1DFP4=
-74,1,BxxjtArpnSTAaEYqPCKxDC44R6g=,hOEAEB0PeUwV1QMO+aMnXb1DFP4=
-78,3,BxxjtArpnSTAaEYqPCKxDC44R6g=,hOEAEB0PeUwV1QMO+aMnXb1DFP4=
-78,9,BxxjtArpnSTAaEYqPCKxDC44R6g=,CaulsRLWkFNiZkRLwYwlGRJuiXE=
-77,9,BxxjtArpnSTAaEYqPCKxDC44R6g=,CaulsRLWkFNiZkRLwYwlGRJuiXE=
-79,9,BxxjtArpnSTAaEYqPCKxDC44R6g=,CaulsRLWkFNiZkRLwYwlGRJuiXE=
-79,10,BxxjtArpnSTAaEYqPCKxDC44R6g=,CaulsRLWkFNiZkRLwYwlGRJuiXE=
-78,10,BxxjtArpnSTAaEYqPCKxDC44R6g=,CaulsRLWkFNiZkRLwYwlGRJuiXE=
-77,10,BxxjtArpnSTAaEYqPCKxDC44R6g=,CaulsRLWkFNiZkRLwYwlGRJuiXE=
-76,10,BxxjtArpnSTAaEYqPCKxDC44R6g=,CaulsRLWkFNiZkRLwYwlGRJuiXE=
-79,11,BxxjtArpnSTAaEYqPCKxDC44R6g=,CaulsRLWkFNiZkRLwYwlGRJuiXE=
-78,11,BxxjtArpnSTAaEYqPCKxDC44R6g=,CaulsRLWkFNiZkRLwYwlGRJuiXE=
-77,11,BxxjtArpnSTAaEYqPCKxDC44R6g=,CaulsRLWkFNiZkRLwYwlGRJuiXE=
-76,11,BxxjtArpnSTAaEYqPCKxDC44R6g=,CaulsRLWkFNiZkRLwYwlGRJuiXE=
-79,12,BxxjtArpnSTAaEYqPCKxDC44R6g=,CaulsRLWkFNiZkRLwYwlGRJuiXE=
-78,12,BxxjtArpnSTAaEYqPCKxDC44R6g=,CaulsRLWkFNiZkRLwYwlGRJuiXE=
-77,12,BxxjtArpnSTAaEYqPCKxDC44R6g=,CaulsRLWkFNiZkRLwYwlGRJuiXE=
-76,12,BxxjtArpnSTAaEYqPCKxDC44R6g=,CaulsRLWkFNiZkRLwYwlGRJuiXE=
-75,12,BxxjtArpnSTAaEYqPCKxDC44R6g=,CaulsRLWkFNiZkRLwYwlGRJuiXE=
-79,13,BxxjtArpnSTAaEYqPCKxDC44R6g=,CaulsRLWkFNiZkRLwYwlGRJuiXE=
-78,13,BxxjtArpnSTAaEYqPCKxDC44R6g=,CaulsRLWkFNiZkRLwYwlGRJuiXE=
-77,13,BxxjtArpnSTAaEYqPCKxDC44R6g=,CaulsRLWkFNiZkRLwYwlGRJuiXE=
-79,8,BxxjtArpnSTAaEYqPCKxDC44R6g=,CaulsRLWkFNiZkRLwYwlGRJuiXE=
-76,13,BxxjtArpnSTAaEYqPCKxDC44R6g=,CaulsRLWkFNiZkRLwYwlGRJuiXE=
-75,13,BxxjtArpnSTAaEYqPCKxDC44R6g=,CaulsRLWkFNiZkRLwYwlGRJuiXE=
-74,13,BxxjtArpnSTAaEYqPCKxDC44R6g=,CaulsRLWkFNiZkRLwYwlGRJuiXE=
-79,14,BxxjtArpnSTAaEYqPCKxDC44R6g=,CaulsRLWkFNiZkRLwYwlGRJuiXE=
-78,14,BxxjtArpnSTAaEYqPCKxDC44R6g=,CaulsRLWkFNiZkRLwYwlGRJuiXE=
-77,7,BxxjtArpnSTAaEYqPCKxDC44R6g=,hOEAEB0PeUwV1QMO+aMnXb1DFP4=
-77,14,BxxjtArpnSTAaEYqPCKxDC44R6g=,CaulsRLWkFNiZkRLwYwlGRJuiXE=
-76,14,BxxjtArpnSTAaEYqPCKxDC44R6g=,CaulsRLWkFNiZkRLwYwlGRJuiXE=
-73,2,PfHZPurIgTpCdqiGNVGodwzs3aw=,hOEAEB0PeUwV1QMO+aMnXb1DFP4=
-71,0,rvv4MmwqQgtC7uFIthc1/rEtEsA=,ln5BosZsXZbsGJhjaXfWEVFeCQo=
-70,0,rvv4MmwqQgtC7uFIthc1/rEtEsA=,ln5BosZsXZbsGJhjaXfWEVFeCQo=
-69,0,rvv4MmwqQgtC7uFIthc1/rEtEsA=,ln5BosZsXZbsGJhjaXfWEVFeCQo=
-73,1,rvv4MmwqQgtC7uFIthc1/rEtEsA=,hOEAEB0PeUwV1QMO+aMnXb1DFP4=
-67,0,rvv4MmwqQgtC7uFIthc1/rEtEsA=,ln5BosZsXZbsGJhjaXfWEVFeCQo=
-68,0,rvv4MmwqQgtC7uFIthc1/rEtEsA=,ln5BosZsXZbsGJhjaXfWEVFeCQo=
-72,1,rvv4MmwqQgtC7uFIthc1/rEtEsA=,ln5BosZsXZbsGJhjaXfWEVFeCQo=
-71,1,rvv4MmwqQgtC7uFIthc1/rEtEsA=,ln5BosZsXZbsGJhjaXfWEVFeCQo=
-69,1,rvv4MmwqQgtC7uFIthc1/rEtEsA=,ln5BosZsXZbsGJhjaXfWEVFeCQo=
-70,1,rvv4MmwqQgtC7uFIthc1/rEtEsA=,ln5BosZsXZbsGJhjaXfWEVFeCQo=
-68,1,rvv4MmwqQgtC7uFIthc1/rEtEsA=,ln5BosZsXZbsGJhjaXfWEVFeCQo=
-72,2,55zpES9vo6bObclbHsMvcV4ocdQ=,ln5BosZsXZbsGJhjaXfWEVFeCQo=
-73,3,55zpES9vo6bObclbHsMvcV4ocdQ=,hOEAEB0PeUwV1QMO+aMnXb1DFP4=
-71,2,55zpES9vo6bObclbHsMvcV4ocdQ=,ln5BosZsXZbsGJhjaXfWEVFeCQo=
-70,2,55zpES9vo6bObclbHsMvcV4ocdQ=,ln5BosZsXZbsGJhjaXfWEVFeCQo=
-68,2,55zpES9vo6bObclbHsMvcV4ocdQ=,ln5BosZsXZbsGJhjaXfWEVFeCQo=
-69,2,55zpES9vo6bObclbHsMvcV4ocdQ=,ln5BosZsXZbsGJhjaXfWEVFeCQo=
-69,3,55zpES9vo6bObclbHsMvcV4ocdQ=,ln5BosZsXZbsGJhjaXfWEVFeCQo=
-70,3,55zpES9vo6bObclbHsMvcV4ocdQ=,ln5BosZsXZbsGJhjaXfWEVFeCQo=
-71,3,55zpES9vo6bObclbHsMvcV4ocdQ=,ln5BosZsXZbsGJhjaXfWEVFeCQo=
-72,3,55zpES9vo6bObclbHsMvcV4ocdQ=,ln5BosZsXZbsGJhjaXfWEVFeCQo=
-80,10,55zpES9vo6bObclbHsMvcV4ocdQ=,CaulsRLWkFNiZkRLwYwlGRJuiXE=
-80,11,55zpES9vo6bObclbHsMvcV4ocdQ=,CaulsRLWkFNiZkRLwYwlGRJuiXE=
-80,12,55zpES9vo6bObclbHsMvcV4ocdQ=,CaulsRLWkFNiZkRLwYwlGRJuiXE=
-80,9,55zpES9vo6bObclbHsMvcV4ocdQ=,CaulsRLWkFNiZkRLwYwlGRJuiXE=
-80,14,55zpES9vo6bObclbHsMvcV4ocdQ=,CaulsRLWkFNiZkRLwYwlGRJuiXE=
-80,13,55zpES9vo6bObclbHsMvcV4ocdQ=,CaulsRLWkFNiZkRLwYwlGRJuiXE=
-76,0,55zpES9vo6bObclbHsMvcV4ocdQ=,hOEAEB0PeUwV1QMO+aMnXb1DFP4=
-72,0,55zpES9vo6bObclbHsMvcV4ocdQ=,ln5BosZsXZbsGJhjaXfWEVFeCQo=
-78,0,55zpES9vo6bObclbHsMvcV4ocdQ=,hOEAEB0PeUwV1QMO+aMnXb1DFP4=
-74,0,55zpES9vo6bObclbHsMvcV4ocdQ=,hOEAEB0PeUwV1QMO+aMnXb1DFP4=
-75,0,55zpES9vo6bObclbHsMvcV4ocdQ=,hOEAEB0PeUwV1QMO+aMnXb1DFP4=
-73,0,55zpES9vo6bObclbHsMvcV4ocdQ=,hOEAEB0PeUwV1QMO+aMnXb1DFP4=
-79,0,55zpES9vo6bObclbHsMvcV4ocdQ=,hOEAEB0PeUwV1QMO+aMnXb1DFP4=
-77,0,55zpES9vo6bObclbHsMvcV4ocdQ=,hOEAEB0PeUwV1QMO+aMnXb1DFP4=
-67,1,55zpES9vo6bObclbHsMvcV4ocdQ=,ln5BosZsXZbsGJhjaXfWEVFeCQo=
-66,0,55zpES9vo6bObclbHsMvcV4ocdQ=,ln5BosZsXZbsGJhjaXfWEVFeCQo=
-65,0,55zpES9vo6bObclbHsMvcV4ocdQ=,ln5BosZsXZbsGJhjaXfWEVFeCQo=
-66,1,55zpES9vo6bObclbHsMvcV4ocdQ=,ln5BosZsXZbsGJhjaXfWEVFeCQo=
-65,2,55zpES9vo6bObclbHsMvcV4ocdQ=,ln5BosZsXZbsGJhjaXfWEVFeCQo=
-65,3,55zpES9vo6bObclbHsMvcV4ocdQ=,ln5BosZsXZbsGJhjaXfWEVFeCQo=
-65,1,55zpES9vo6bObclbHsMvcV4ocdQ=,ln5BosZsXZbsGJhjaXfWEVFeCQo=
-68,3,55zpES9vo6bObclbHsMvcV4ocdQ=,ln5BosZsXZbsGJhjaXfWEVFeCQo=
-67,3,55zpES9vo6bObclbHsMvcV4ocdQ=,ln5BosZsXZbsGJhjaXfWEVFeCQo=
-66,2,55zpES9vo6bObclbHsMvcV4ocdQ=,ln5BosZsXZbsGJhjaXfWEVFeCQo=
-67,2,55zpES9vo6bObclbHsMvcV4ocdQ=,ln5BosZsXZbsGJhjaXfWEVFeCQo=
-80,15,55zpES9vo6bObclbHsMvcV4ocdQ=,CaulsRLWkFNiZkRLwYwlGRJuiXE=
-79,15,55zpES9vo6bObclbHsMvcV4ocdQ=,CaulsRLWkFNiZkRLwYwlGRJuiXE=
-77,15,55zpES9vo6bObclbHsMvcV4ocdQ=,CaulsRLWkFNiZkRLwYwlGRJuiXE=
-78,15,55zpES9vo6bObclbHsMvcV4ocdQ=,CaulsRLWkFNiZkRLwYwlGRJuiXE=
-66,3,55zpES9vo6bObclbHsMvcV4ocdQ=,ln5BosZsXZbsGJhjaXfWEVFeCQo=
-80,2,55zpES9vo6bObclbHsMvcV4ocdQ=,hOEAEB0PeUwV1QMO+aMnXb1DFP4=
-80,8,55zpES9vo6bObclbHsMvcV4ocdQ=,CaulsRLWkFNiZkRLwYwlGRJuiXE=
-80,0,55zpES9vo6bObclbHsMvcV4ocdQ=,hOEAEB0PeUwV1QMO+aMnXb1DFP4=
-77,8,55zpES9vo6bObclbHsMvcV4ocdQ=,CaulsRLWkFNiZkRLwYwlGRJuiXE=
-80,7,55zpES9vo6bObclbHsMvcV4ocdQ=,hOEAEB0PeUwV1QMO+aMnXb1DFP4=
-80,3,55zpES9vo6bObclbHsMvcV4ocdQ=,hOEAEB0PeUwV1QMO+aMnXb1DFP4=
-79,7,55zpES9vo6bObclbHsMvcV4ocdQ=,hOEAEB0PeUwV1QMO+aMnXb1DFP4=
-80,4,55zpES9vo6bObclbHsMvcV4ocdQ=,hOEAEB0PeUwV1QMO+aMnXb1DFP4=
-80,1,55zpES9vo6bObclbHsMvcV4ocdQ=,hOEAEB0PeUwV1QMO+aMnXb1DFP4=
-80,6,55zpES9vo6bObclbHsMvcV4ocdQ=,hOEAEB0PeUwV1QMO+aMnXb1DFP4=
-78,6,55zpES9vo6bObclbHsMvcV4ocdQ=,hOEAEB0PeUwV1QMO+aMnXb1DFP4=
-80,5,55zpES9vo6bObclbHsMvcV4ocdQ=,hOEAEB0PeUwV1QMO+aMnXb1DFP4=
-79,6,55zpES9vo6bObclbHsMvcV4ocdQ=,hOEAEB0PeUwV1QMO+aMnXb1DFP4=
-79,4,55zpES9vo6bObclbHsMvcV4ocdQ=,hOEAEB0PeUwV1QMO+aMnXb1DFP4=
-78,8,55zpES9vo6bObclbHsMvcV4ocdQ=,CaulsRLWkFNiZkRLwYwlGRJuiXE=
-78,7,55zpES9vo6bObclbHsMvcV4ocdQ=,hOEAEB0PeUwV1QMO+aMnXb1DFP4=
-79,5,55zpES9vo6bObclbHsMvcV4ocdQ=,hOEAEB0PeUwV1QMO+aMnXb1DFP4=
-73,13,55zpES9vo6bObclbHsMvcV4ocdQ=,CaulsRLWkFNiZkRLwYwlGRJuiXE=
-72,13,55zpES9vo6bObclbHsMvcV4ocdQ=,e1I0NZe4Io0Isz4Er/jDhVKB8wk=
-67,12,55zpES9vo6bObclbHsMvcV4ocdQ=,e1I0NZe4Io0Isz4Er/jDhVKB8wk=
-68,12,55zpES9vo6bObclbHsMvcV4ocdQ=,e1I0NZe4Io0Isz4Er/jDhVKB8wk=
-65,12,55zpES9vo6bObclbHsMvcV4ocdQ=,e1I0NZe4Io0Isz4Er/jDhVKB8wk=
-69,12,55zpES9vo6bObclbHsMvcV4ocdQ=,e1I0NZe4Io0Isz4Er/jDhVKB8wk=
-71,13,55zpES9vo6bObclbHsMvcV4ocdQ=,e1I0NZe4Io0Isz4Er/jDhVKB8wk=
-66,12,55zpES9vo6bObclbHsMvcV4ocdQ=,e1I0NZe4Io0Isz4Er/jDhVKB8wk=
-76,6,55zpES9vo6bObclbHsMvcV4ocdQ=,hOEAEB0PeUwV1QMO+aMnXb1DFP4=
-75,6,55zpES9vo6bObclbHsMvcV4ocdQ=,hOEAEB0PeUwV1QMO+aMnXb1DFP4=
-70,12,55zpES9vo6bObclbHsMvcV4ocdQ=,e1I0NZe4Io0Isz4Er/jDhVKB8wk=
-74,5,55zpES9vo6bObclbHsMvcV4ocdQ=,hOEAEB0PeUwV1QMO+aMnXb1DFP4=
-74,6,55zpES9vo6bObclbHsMvcV4ocdQ=,hOEAEB0PeUwV1QMO+aMnXb1DFP4=
-75,5,55zpES9vo6bObclbHsMvcV4ocdQ=,hOEAEB0PeUwV1QMO+aMnXb1DFP4=
-74,4,55zpES9vo6bObclbHsMvcV4ocdQ=,hOEAEB0PeUwV1QMO+aMnXb1DFP4=
-76,9,55zpES9vo6bObclbHsMvcV4ocdQ=,CaulsRLWkFNiZkRLwYwlGRJuiXE=
-71,12,55zpES9vo6bObclbHsMvcV4ocdQ=,e1I0NZe4Io0Isz4Er/jDhVKB8wk=
-75,9,55zpES9vo6bObclbHsMvcV4ocdQ=,CaulsRLWkFNiZkRLwYwlGRJuiXE=
-74,7,55zpES9vo6bObclbHsMvcV4ocdQ=,hOEAEB0PeUwV1QMO+aMnXb1DFP4=
-72,12,55zpES9vo6bObclbHsMvcV4ocdQ=,e1I0NZe4Io0Isz4Er/jDhVKB8wk=
-74,9,55zpES9vo6bObclbHsMvcV4ocdQ=,CaulsRLWkFNiZkRLwYwlGRJuiXE=
-75,10,55zpES9vo6bObclbHsMvcV4ocdQ=,CaulsRLWkFNiZkRLwYwlGRJuiXE=
-75,11,55zpES9vo6bObclbHsMvcV4ocdQ=,CaulsRLWkFNiZkRLwYwlGRJuiXE=
-74,11,55zpES9vo6bObclbHsMvcV4ocdQ=,CaulsRLWkFNiZkRLwYwlGRJuiXE=
-65,11,55zpES9vo6bObclbHsMvcV4ocdQ=,e1I0NZe4Io0Isz4Er/jDhVKB8wk=
-74,10,55zpES9vo6bObclbHsMvcV4ocdQ=,CaulsRLWkFNiZkRLwYwlGRJuiXE=
-74,12,55zpES9vo6bObclbHsMvcV4ocdQ=,CaulsRLWkFNiZkRLwYwlGRJuiXE=
-76,7,55zpES9vo6bObclbHsMvcV4ocdQ=,hOEAEB0PeUwV1QMO+aMnXb1DFP4=
-66,11,55zpES9vo6bObclbHsMvcV4ocdQ=,e1I0NZe4Io0Isz4Er/jDhVKB8wk=
-75,7,55zpES9vo6bObclbHsMvcV4ocdQ=,hOEAEB0PeUwV1QMO+aMnXb1DFP4=
-70,13,55zpES9vo6bObclbHsMvcV4ocdQ=,e1I0NZe4Io0Isz4Er/jDhVKB8wk=
-75,14,55zpES9vo6bObclbHsMvcV4ocdQ=,CaulsRLWkFNiZkRLwYwlGRJuiXE=
-74,8,55zpES9vo6bObclbHsMvcV4ocdQ=,CaulsRLWkFNiZkRLwYwlGRJuiXE=
-74,14,55zpES9vo6bObclbHsMvcV4ocdQ=,CaulsRLWkFNiZkRLwYwlGRJuiXE=
-67,11,55zpES9vo6bObclbHsMvcV4ocdQ=,e1I0NZe4Io0Isz4Er/jDhVKB8wk=
-75,8,55zpES9vo6bObclbHsMvcV4ocdQ=,CaulsRLWkFNiZkRLwYwlGRJuiXE=
-76,8,55zpES9vo6bObclbHsMvcV4ocdQ=,CaulsRLWkFNiZkRLwYwlGRJuiXE=
-69,13,55zpES9vo6bObclbHsMvcV4ocdQ=,e1I0NZe4Io0Isz4Er/jDhVKB8wk=
-69,6,55zpES9vo6bObclbHsMvcV4ocdQ=,ln5BosZsXZbsGJhjaXfWEVFeCQo=
-68,11,55zpES9vo6bObclbHsMvcV4ocdQ=,e1I0NZe4Io0Isz4Er/jDhVKB8wk=
-70,6,55zpES9vo6bObclbHsMvcV4ocdQ=,ln5BosZsXZbsGJhjaXfWEVFeCQo=
-68,6,55zpES9vo6bObclbHsMvcV4ocdQ=,ln5BosZsXZbsGJhjaXfWEVFeCQo=
-73,15,55zpES9vo6bObclbHsMvcV4ocdQ=,CaulsRLWkFNiZkRLwYwlGRJuiXE=
-71,6,55zpES9vo6bObclbHsMvcV4ocdQ=,ln5BosZsXZbsGJhjaXfWEVFeCQo=
-69,11,55zpES9vo6bObclbHsMvcV4ocdQ=,e1I0NZe4Io0Isz4Er/jDhVKB8wk=
-72,6,55zpES9vo6bObclbHsMvcV4ocdQ=,ln5BosZsXZbsGJhjaXfWEVFeCQo=
-73,6,55zpES9vo6bObclbHsMvcV4ocdQ=,hOEAEB0PeUwV1QMO+aMnXb1DFP4=
-68,13,55zpES9vo6bObclbHsMvcV4ocdQ=,e1I0NZe4Io0Isz4Er/jDhVKB8wk=
-65,5,55zpES9vo6bObclbHsMvcV4ocdQ=,ln5BosZsXZbsGJhjaXfWEVFeCQo=
-66,5,55zpES9vo6bObclbHsMvcV4ocdQ=,ln5BosZsXZbsGJhjaXfWEVFeCQo=
-67,5,55zpES9vo6bObclbHsMvcV4ocdQ=,ln5BosZsXZbsGJhjaXfWEVFeCQo=
-73,14,55zpES9vo6bObclbHsMvcV4ocdQ=,CaulsRLWkFNiZkRLwYwlGRJuiXE=
-72,8,55zpES9vo6bObclbHsMvcV4ocdQ=,e1I0NZe4Io0Isz4Er/jDhVKB8wk=
-68,5,55zpES9vo6bObclbHsMvcV4ocdQ=,ln5BosZsXZbsGJhjaXfWEVFeCQo=
-69,5,55zpES9vo6bObclbHsMvcV4ocdQ=,ln5BosZsXZbsGJhjaXfWEVFeCQo=
-70,11,55zpES9vo6bObclbHsMvcV4ocdQ=,e1I0NZe4Io0Isz4Er/jDhVKB8wk=
-67,6,55zpES9vo6bObclbHsMvcV4ocdQ=,ln5BosZsXZbsGJhjaXfWEVFeCQo=
-70,5,55zpES9vo6bObclbHsMvcV4ocdQ=,ln5BosZsXZbsGJhjaXfWEVFeCQo=
-67,13,55zpES9vo6bObclbHsMvcV4ocdQ=,e1I0NZe4Io0Isz4Er/jDhVKB8wk=
-66,6,55zpES9vo6bObclbHsMvcV4ocdQ=,ln5BosZsXZbsGJhjaXfWEVFeCQo=
-71,11,55zpES9vo6bObclbHsMvcV4ocdQ=,e1I0NZe4Io0Isz4Er/jDhVKB8wk=
-71,5,55zpES9vo6bObclbHsMvcV4ocdQ=,ln5BosZsXZbsGJhjaXfWEVFeCQo=
-72,5,55zpES9vo6bObclbHsMvcV4ocdQ=,ln5BosZsXZbsGJhjaXfWEVFeCQo=
-65,4,55zpES9vo6bObclbHsMvcV4ocdQ=,ln5BosZsXZbsGJhjaXfWEVFeCQo=
-66,4,55zpES9vo6bObclbHsMvcV4ocdQ=,ln5BosZsXZbsGJhjaXfWEVFeCQo=
-66,13,55zpES9vo6bObclbHsMvcV4ocdQ=,e1I0NZe4Io0Isz4Er/jDhVKB8wk=
-73,5,55zpES9vo6bObclbHsMvcV4ocdQ=,hOEAEB0PeUwV1QMO+aMnXb1DFP4=
-67,4,55zpES9vo6bObclbHsMvcV4ocdQ=,ln5BosZsXZbsGJhjaXfWEVFeCQo=
-71,8,55zpES9vo6bObclbHsMvcV4ocdQ=,e1I0NZe4Io0Isz4Er/jDhVKB8wk=
-65,6,55zpES9vo6bObclbHsMvcV4ocdQ=,ln5BosZsXZbsGJhjaXfWEVFeCQo=
-68,4,55zpES9vo6bObclbHsMvcV4ocdQ=,ln5BosZsXZbsGJhjaXfWEVFeCQo=
-70,8,55zpES9vo6bObclbHsMvcV4ocdQ=,e1I0NZe4Io0Isz4Er/jDhVKB8wk=
-69,4,55zpES9vo6bObclbHsMvcV4ocdQ=,ln5BosZsXZbsGJhjaXfWEVFeCQo=
-71,4,55zpES9vo6bObclbHsMvcV4ocdQ=,ln5BosZsXZbsGJhjaXfWEVFeCQo=
-70,4,55zpES9vo6bObclbHsMvcV4ocdQ=,ln5BosZsXZbsGJhjaXfWEVFeCQo=
-65,13,55zpES9vo6bObclbHsMvcV4ocdQ=,e1I0NZe4Io0Isz4Er/jDhVKB8wk=
-72,4,55zpES9vo6bObclbHsMvcV4ocdQ=,ln5BosZsXZbsGJhjaXfWEVFeCQo=
-73,4,55zpES9vo6bObclbHsMvcV4ocdQ=,hOEAEB0PeUwV1QMO+aMnXb1DFP4=
-72,14,55zpES9vo6bObclbHsMvcV4ocdQ=,e1I0NZe4Io0Isz4Er/jDhVKB8wk=
-76,15,55zpES9vo6bObclbHsMvcV4ocdQ=,CaulsRLWkFNiZkRLwYwlGRJuiXE=
-69,8,55zpES9vo6bObclbHsMvcV4ocdQ=,e1I0NZe4Io0Isz4Er/jDhVKB8wk=
-75,15,55zpES9vo6bObclbHsMvcV4ocdQ=,CaulsRLWkFNiZkRLwYwlGRJuiXE=
-72,11,55zpES9vo6bObclbHsMvcV4ocdQ=,e1I0NZe4Io0Isz4Er/jDhVKB8wk=
-74,15,55zpES9vo6bObclbHsMvcV4ocdQ=,CaulsRLWkFNiZkRLwYwlGRJuiXE=
-69,9,55zpES9vo6bObclbHsMvcV4ocdQ=,e1I0NZe4Io0Isz4Er/jDhVKB8wk=
-68,8,55zpES9vo6bObclbHsMvcV4ocdQ=,e1I0NZe4Io0Isz4Er/jDhVKB8wk=
-65,15,55zpES9vo6bObclbHsMvcV4ocdQ=,e1I0NZe4Io0Isz4Er/jDhVKB8wk=
-73,8,55zpES9vo6bObclbHsMvcV4ocdQ=,CaulsRLWkFNiZkRLwYwlGRJuiXE=
-68,9,55zpES9vo6bObclbHsMvcV4ocdQ=,e1I0NZe4Io0Isz4Er/jDhVKB8wk=
-70,9,55zpES9vo6bObclbHsMvcV4ocdQ=,e1I0NZe4Io0Isz4Er/jDhVKB8wk=
-65,10,55zpES9vo6bObclbHsMvcV4ocdQ=,e1I0NZe4Io0Isz4Er/jDhVKB8wk=
-66,15,55zpES9vo6bObclbHsMvcV4ocdQ=,e1I0NZe4Io0Isz4Er/jDhVKB8wk=
-67,15,55zpES9vo6bObclbHsMvcV4ocdQ=,e1I0NZe4Io0Isz4Er/jDhVKB8wk=
-67,8,55zpES9vo6bObclbHsMvcV4ocdQ=,e1I0NZe4Io0Isz4Er/jDhVKB8wk=
-67,9,55zpES9vo6bObclbHsMvcV4ocdQ=,e1I0NZe4Io0Isz4Er/jDhVKB8wk=
-66,9,55zpES9vo6bObclbHsMvcV4ocdQ=,e1I0NZe4Io0Isz4Er/jDhVKB8wk=
-66,10,55zpES9vo6bObclbHsMvcV4ocdQ=,e1I0NZe4Io0Isz4Er/jDhVKB8wk=
-73,9,55zpES9vo6bObclbHsMvcV4ocdQ=,CaulsRLWkFNiZkRLwYwlGRJuiXE=
-65,7,55zpES9vo6bObclbHsMvcV4ocdQ=,ln5BosZsXZbsGJhjaXfWEVFeCQo=
-68,15,55zpES9vo6bObclbHsMvcV4ocdQ=,e1I0NZe4Io0Isz4Er/jDhVKB8wk=
-69,15,55zpES9vo6bObclbHsMvcV4ocdQ=,e1I0NZe4Io0Isz4Er/jDhVKB8wk=
-73,12,55zpES9vo6bObclbHsMvcV4ocdQ=,CaulsRLWkFNiZkRLwYwlGRJuiXE=
-65,9,55zpES9vo6bObclbHsMvcV4ocdQ=,e1I0NZe4Io0Isz4Er/jDhVKB8wk=
-71,14,55zpES9vo6bObclbHsMvcV4ocdQ=,e1I0NZe4Io0Isz4Er/jDhVKB8wk=
-70,15,55zpES9vo6bObclbHsMvcV4ocdQ=,e1I0NZe4Io0Isz4Er/jDhVKB8wk=
-67,10,55zpES9vo6bObclbHsMvcV4ocdQ=,e1I0NZe4Io0Isz4Er/jDhVKB8wk=
-70,14,55zpES9vo6bObclbHsMvcV4ocdQ=,e1I0NZe4Io0Isz4Er/jDhVKB8wk=
-73,7,55zpES9vo6bObclbHsMvcV4ocdQ=,hOEAEB0PeUwV1QMO+aMnXb1DFP4=
-71,15,55zpES9vo6bObclbHsMvcV4ocdQ=,e1I0NZe4Io0Isz4Er/jDhVKB8wk=
-73,11,55zpES9vo6bObclbHsMvcV4ocdQ=,CaulsRLWkFNiZkRLwYwlGRJuiXE=
-73,10,55zpES9vo6bObclbHsMvcV4ocdQ=,CaulsRLWkFNiZkRLwYwlGRJuiXE=
-72,15,55zpES9vo6bObclbHsMvcV4ocdQ=,e1I0NZe4Io0Isz4Er/jDhVKB8wk=
-66,8,55zpES9vo6bObclbHsMvcV4ocdQ=,e1I0NZe4Io0Isz4Er/jDhVKB8wk=
-72,10,55zpES9vo6bObclbHsMvcV4ocdQ=,e1I0NZe4Io0Isz4Er/jDhVKB8wk=
-65,14,55zpES9vo6bObclbHsMvcV4ocdQ=,e1I0NZe4Io0Isz4Er/jDhVKB8wk=
-71,10,55zpES9vo6bObclbHsMvcV4ocdQ=,e1I0NZe4Io0Isz4Er/jDhVKB8wk=
-72,7,55zpES9vo6bObclbHsMvcV4ocdQ=,ln5BosZsXZbsGJhjaXfWEVFeCQo=
-68,10,55zpES9vo6bObclbHsMvcV4ocdQ=,e1I0NZe4Io0Isz4Er/jDhVKB8wk=
-66,7,55zpES9vo6bObclbHsMvcV4ocdQ=,ln5BosZsXZbsGJhjaXfWEVFeCQo=
-66,14,55zpES9vo6bObclbHsMvcV4ocdQ=,e1I0NZe4Io0Isz4Er/jDhVKB8wk=
-70,10,55zpES9vo6bObclbHsMvcV4ocdQ=,e1I0NZe4Io0Isz4Er/jDhVKB8wk=
-67,7,55zpES9vo6bObclbHsMvcV4ocdQ=,ln5BosZsXZbsGJhjaXfWEVFeCQo=
-67,14,55zpES9vo6bObclbHsMvcV4ocdQ=,e1I0NZe4Io0Isz4Er/jDhVKB8wk=
-65,8,55zpES9vo6bObclbHsMvcV4ocdQ=,e1I0NZe4Io0Isz4Er/jDhVKB8wk=
-71,7,55zpES9vo6bObclbHsMvcV4ocdQ=,ln5BosZsXZbsGJhjaXfWEVFeCQo=
-68,7,55zpES9vo6bObclbHsMvcV4ocdQ=,ln5BosZsXZbsGJhjaXfWEVFeCQo=
-68,14,55zpES9vo6bObclbHsMvcV4ocdQ=,e1I0NZe4Io0Isz4Er/jDhVKB8wk=
-69,10,55zpES9vo6bObclbHsMvcV4ocdQ=,e1I0NZe4Io0Isz4Er/jDhVKB8wk=
-71,9,55zpES9vo6bObclbHsMvcV4ocdQ=,e1I0NZe4Io0Isz4Er/jDhVKB8wk=
-69,14,55zpES9vo6bObclbHsMvcV4ocdQ=,e1I0NZe4Io0Isz4Er/jDhVKB8wk=
-70,7,55zpES9vo6bObclbHsMvcV4ocdQ=,ln5BosZsXZbsGJhjaXfWEVFeCQo=
-72,9,55zpES9vo6bObclbHsMvcV4ocdQ=,e1I0NZe4Io0Isz4Er/jDhVKB8wk=
-69,7,55zpES9vo6bObclbHsMvcV4ocdQ=,ln5BosZsXZbsGJhjaXfWEVFeCQo=
